task_id,a,b,seed
SA-0001,before,after,1361302130
SA-0002,after,before,1361302130
SA-0003,before,after,1361302130
SA-0004,after,before,1361302130
SA-0005,before,after,1361302130
SA-0006,before,after,1361302130
SA-0007,before,after,1361302130
SA-0008,after,before,1361302130
SA-0009,after,before,1361302130
SA-0010,after,before,1361302130
SA-0011,after,before,1361302130
SA-0012,after,before,1361302130
SA-0013,before,after,1361302130
SA-0014,before,after,1361302130
SA-0015,after,before,1361302130
SA-0016,before,after,1361302130
SA-0017,after,before,1361302130
SA-0018,after,before,1361302130
SA-0019,after,before,1361302130
SA-0020,after,before,1361302130
SA-0021,after,before,1361302130
SA-0022,after,before,1361302130
SA-0023,after,before,1361302130
SA-0024,before,after,1361302130
SA-0025,before,after,1361302130
SA-0026,before,after,1361302130
SA-0027,before,after,1361302130
SA-0028,before,after,1361302130
SA-0029,before,after,1361302130
SA-0030,before,after,1361302130
SA-0031,after,before,1361302130
SA-0032,before,after,1361302130
SA-0033,after,before,1361302130
SA-0034,after,before,1361302130
SA-0035,before,after,1361302130
SA-0036,before,after,1361302130
SA-0037,before,after,1361302130
SA-0038,before,after,1361302130
SA-0039,before,after,1361302130
SA-0040,after,before,1361302130
SA-0041,before,after,1361302130
SA-0042,before,after,1361302130
SA-0043,before,after,1361302130
SA-0044,before,after,1361302130
SA-0045,after,before,1361302130
SA-0046,after,before,1361302130
SA-0047,after,before,1361302130
SA-0048,after,before,1361302130
SA-0049,before,after,1361302130
SA-0050,before,after,1361302130
SA-0051,before,after,1361302130
SA-0052,after,before,1361302130
SA-0053,before,after,1361302130
SA-0054,after,before,1361302130
SA-0055,before,after,1361302130
SA-0056,before,after,1361302130
SA-0057,after,before,1361302130
SA-0058,before,after,1361302130
SA-0059,before,after,1361302130
SA-0060,after,before,1361302130
SA-0061,before,after,1361302130
SA-0062,after,before,1361302130
SA-0063,before,after,1361302130
SA-0064,before,after,1361302130
SA-0065,after,before,1361302130
SA-0066,before,after,1361302130
SA-0067,after,before,1361302130
SA-0068,before,after,1361302130
SA-0069,before,after,1361302130
SA-0070,before,after,1361302130
SA-0071,after,before,1361302130
SA-0072,after,before,1361302130
SA-0073,before,after,1361302130
SA-0074,before,after,1361302130
SA-0075,after,before,1361302130
SA-0076,before,after,1361302130
SA-0077,after,before,1361302130
SA-0078,after,before,1361302130
SA-0079,before,after,1361302130
SA-0080,after,before,1361302130
SA-0081,before,after,1361302130
SA-0082,before,after,1361302130
SA-0083,before,after,1361302130
SA-0084,after,before,1361302130
SA-0085,after,before,1361302130
SA-0086,after,before,1361302130
SA-0087,before,after,1361302130
SA-0088,after,before,1361302130
SA-0089,before,after,1361302130
SA-0090,after,before,1361302130
SA-0091,after,before,1361302130
SA-0092,after,before,1361302130
SA-0093,before,after,1361302130
SA-0094,after,before,1361302130
SA-0095,after,before,1361302130
SA-0096,before,after,1361302130
SA-0097,before,after,1361302130
SA-0098,before,after,1361302130
SA-0099,after,before,1361302130
SA-0100,after,before,1361302130
SA-0101,before,after,1361302130
SA-0102,after,before,1361302130
SA-0103,before,after,1361302130
SA-0104,after,before,1361302130
SA-0105,before,after,1361302130
SA-0106,before,after,1361302130
SA-0107,before,after,1361302130
SA-0108,before,after,1361302130
SA-0109,before,after,1361302130
SA-0110,before,after,1361302130
SA-0111,before,after,1361302130
SA-0112,before,after,1361302130
SA-0113,before,after,1361302130
SA-0114,before,after,1361302130
SA-0115,after,before,1361302130
SA-0116,before,after,1361302130
SA-0117,after,before,1361302130
SA-0118,before,after,1361302130
SA-0119,after,before,1361302130
SA-0120,after,before,1361302130
SA-0121,after,before,1361302130
SA-0122,before,after,1361302130
SA-0123,before,after,1361302130
SA-0124,after,before,1361302130
SA-0125,after,before,1361302130
SA-0126,before,after,1361302130
SA-0127,before,after,1361302130
SA-0128,after,before,1361302130
SA-0129,after,before,1361302130
SA-0130,after,before,1361302130
SA-0131,after,before,1361302130
SA-0132,before,after,1361302130
SA-0133,before,after,1361302130
SA-0134,after,before,1361302130
SA-0135,before,after,1361302130
SA-0136,after,before,1361302130
SA-0137,after,before,1361302130
SA-0138,after,before,1361302130
SA-0139,before,after,1361302130
SA-0140,before,after,1361302130
SA-0141,after,before,1361302130
SA-0142,after,before,1361302130
SA-0143,before,after,1361302130
SA-0144,after,before,1361302130
SA-0145,after,before,1361302130
SA-0146,before,after,1361302130
SA-0147,after,before,1361302130
SA-0148,after,before,1361302130
SA-0149,before,after,1361302130
SA-0150,before,after,1361302130
SA-0151,before,after,1361302130
SA-0152,before,after,1361302130
SA-0153,before,after,1361302130
SA-0154,after,before,1361302130
SA-0155,after,before,1361302130
SA-0156,before,after,1361302130
SA-0157,after,before,1361302130
SA-0158,before,after,1361302130
SA-0159,after,before,1361302130
SA-0160,before,after,1361302130
SA-0161,after,before,1361302130
SA-0162,before,after,1361302130
SA-0163,after,before,1361302130
SA-0164,after,before,1361302130
SA-0165,before,after,1361302130
SA-0166,before,after,1361302130
SA-0167,before,after,1361302130
SA-0168,after,before,1361302130
SA-0169,after,before,1361302130
SA-0170,after,before,1361302130
SA-0171,after,before,1361302130
SA-0172,before,after,1361302130
SA-0173,before,after,1361302130
SA-0174,after,before,1361302130
SA-0175,after,before,1361302130
SA-0176,before,after,1361302130
SA-0177,before,after,1361302130
SA-0178,before,after,1361302130
SA-0179,after,before,1361302130
SA-0180,before,after,1361302130
SA-0181,before,after,1361302130
SA-0182,after,before,1361302130
SA-0183,before,after,1361302130
SA-0184,before,after,1361302130
SA-0185,before,after,1361302130
SA-0186,before,after,1361302130
SA-0187,after,before,1361302130
SA-0188,before,after,1361302130
SA-0189,after,before,1361302130
SA-0190,after,before,1361302130
SA-0191,after,before,1361302130
SA-0192,after,before,1361302130
SA-0193,before,after,1361302130
SA-0194,before,after,1361302130
SA-0195,before,after,1361302130
SA-0196,before,after,1361302130
SA-0197,before,after,1361302130
SA-0198,before,after,1361302130
SA-0199,after,before,1361302130
SA-0200,before,after,1361302130
SA-0201,after,before,1361302130
SA-0202,before,after,1361302130
SA-0203,after,before,1361302130
SA-0204,after,before,1361302130
SA-0205,after,before,1361302130
SA-0206,before,after,1361302130
SA-0207,after,before,1361302130
SA-0208,before,after,1361302130
