sample_id,entity_id,production_entity_type,semantic_family,type_validation_status,min_member_confidence,member_risk_tiers,member_risk_flags,same_name_multi_type,integrated_member_count,sampling_priority_score,stratum_quota
ETV3-0001,IENTREPAIR-43aeb32b08b67470eed3bf26,AdministrativeRegion,SpatialEntity,fallback_unresolved,,"[""D""]","[""model_unknown"", ""same_name_multiple_source_types"", ""unresolved_entity_type:prior_manual_review""]",True,1,9.0,10
ETV3-0002,IENTREPAIR-5ece8f533a7ba6657a46b939,AdministrativeRegion,SpatialEntity,fallback_unresolved,,"[""D""]","[""model_unknown"", ""same_name_multiple_source_types"", ""unresolved_entity_type:prior_manual_review""]",True,1,9.0,10
ETV3-0003,IENTREPAIR-1c4a931c2b4f6f9876a321f8,AdministrativeRegion,SpatialEntity,fallback_unresolved,,"[""D""]","[""model_unknown"", ""same_name_multiple_source_types"", ""unresolved_entity_type:prior_manual_review""]",True,1,9.0,10
ETV3-0004,IENTREPAIR-5c8b324746f066269fa2addf,AdministrativeRegion,SpatialEntity,validated,0.98,"[""B""]","[""compatible_subtype_name_collision"", ""same_name_multiple_source_types""]",True,1,3.0,10
ETV3-0005,IENTREPAIR-c66efd02ca2fdac9cb6eeb85,AdministrativeRegion,SpatialEntity,validated,0.98,"[""B""]","[""compatible_subtype_name_collision"", ""same_name_multiple_source_types""]",True,1,3.0,10
ETV3-0006,IENTREPAIR-a793ace171f64d6c922a189d,AdministrativeRegion,SpatialEntity,validated,0.98,"[""B""]","[""compatible_subtype_name_collision"", ""same_name_multiple_source_types""]",True,1,3.0,10
ETV3-0007,IENTREPAIR-ac1f488a24390b56c06a23e7,AdministrativeRegion,SpatialEntity,validated,0.98,"[""B""]","[""compatible_subtype_name_collision"", ""same_name_multiple_source_types""]",True,1,3.0,10
ETV3-0008,IENTREPAIR-060780e490fcdaa12a3278c7,AdministrativeRegion,SpatialEntity,validated,0.98,"[""B""]","[""compatible_subtype_name_collision"", ""same_name_multiple_source_types""]",True,1,3.0,10
ETV3-0009,IENTREPAIR-661126d79014187434e5845f,AdministrativeRegion,SpatialEntity,validated,0.98,"[""B""]","[""compatible_subtype_name_collision"", ""same_name_multiple_source_types""]",True,1,3.0,10
ETV3-0010,IENTREPAIR-325aa186d37457404c209b45,AdministrativeRegion,SpatialEntity,validated,0.98,"[""B""]","[""compatible_subtype_name_collision"", ""same_name_multiple_source_types""]",True,1,3.0,10
ETV3-0011,IENT-a4d327338fb92b6ee92bcf81,Artifact,Artifact,fallback_unresolved,,"[""D""]","[""lexical_source_type_conflict"", ""same_name_multiple_source_types"", ""unresolved_entity_type:review_type_disagreement""]",True,2,11.0,10
ETV3-0012,IENT-e975360678083e7b2d4e2a82,Artifact,Artifact,fallback_unresolved,,"[""D""]","[""lexical_source_type_conflict"", ""same_name_multiple_source_types"", ""unresolved_entity_type:review_type_disagreement""]",True,2,11.0,10
ETV3-0013,ITOPIC-318c37f2b6fd6f7a4d6241ae,Artifact,Artifact,fallback_unresolved,,"[""D""]","[""lexical_source_type_conflict"", ""same_name_multiple_source_types"", ""unresolved_entity_type:review_confidence_below_gate""]",True,1,11.0,10
ETV3-0014,IENT-6622ca779e6470beebaa859b,Artifact,Artifact,fallback_unresolved,,"[""D""]","[""lexical_source_type_conflict"", ""same_name_multiple_source_types"", ""unresolved_entity_type:specialized_cross_type_requires_topic_audit""]",True,2,11.0,10
ETV3-0015,IENT-e29f80dc3262208759dfbbbc,Artifact,Artifact,fallback_unresolved,,"[""D""]","[""lexical_source_type_conflict"", ""same_name_multiple_source_types"", ""unresolved_entity_type:review_type_disagreement""]",True,2,11.0,10
ETV3-0016,IENT-f133db5505848eb4454bc5ab,Artifact,Artifact,fallback_unresolved,,"[""D""]","[""lexical_source_type_conflict"", ""same_name_multiple_source_types"", ""unresolved_entity_type:one_or_both_reviews_unknown""]",True,2,11.0,10
ETV3-0017,IENT-a54fa41adb864d0c9bf746a3,Artifact,Artifact,fallback_unresolved,,"[""D""]","[""lexical_source_type_conflict"", ""same_name_multiple_source_types"", ""unresolved_entity_type:review_confidence_below_gate""]",True,2,11.0,10
ETV3-0018,IENT-5b7c9c40d2a955cffebecf2b,Artifact,Artifact,fallback_unresolved,,"[""D""]","[""lexical_source_type_conflict"", ""same_name_multiple_source_types"", ""unresolved_entity_type:review_type_disagreement""]",True,2,11.0,10
ETV3-0019,IENT-ec0ff3d591db6ef12eb4aae3,Artifact,Artifact,fallback_unresolved,,"[""D""]","[""lexical_source_type_conflict"", ""same_name_multiple_source_types"", ""unresolved_entity_type:specialized_cross_type_requires_topic_audit""]",True,2,11.0,10
ETV3-0020,IENT-fad9fca8f11b8f7a06bfbeca,Artifact,Artifact,fallback_unresolved,,"[""D""]","[""lexical_source_type_conflict"", ""same_name_multiple_source_types"", ""unresolved_entity_type:review_confidence_below_gate""]",True,1,11.0,10
ETV3-0021,IENT-84ee7ceb5ebee359b7f47157,Concept,ConceptualEntity,fallback_unresolved,,"[""D""]","[""lexical_source_type_conflict"", ""same_name_multiple_source_types"", ""unresolved_entity_type:review_confidence_below_gate""]",True,2,11.0,46
ETV3-0022,ITOPIC-ee17487aaedbb2cda159b208,Concept,ConceptualEntity,fallback_unresolved,,"[""D""]","[""lexical_source_type_conflict"", ""same_name_multiple_source_types"", ""unresolved_entity_type:review_type_disagreement""]",True,1,11.0,46
ETV3-0023,ITOPIC-edc372543b66c5bb05cfbb78,Concept,ConceptualEntity,fallback_unresolved,,"[""D""]","[""lexical_source_type_conflict"", ""same_name_multiple_source_types"", ""unresolved_entity_type:review_confidence_below_gate""]",True,1,11.0,46
ETV3-0024,ITOPIC-582c4125bb02c7ea15f7cd07,Concept,ConceptualEntity,fallback_unresolved,,"[""D""]","[""lexical_source_type_conflict"", ""model_unknown"", ""same_name_multiple_source_types"", ""unresolved_entity_type:prior_manual_review""]",True,1,11.0,46
ETV3-0025,IENT-12fe33c477254c62d01ab10d,Concept,ConceptualEntity,fallback_unresolved,,"[""D""]","[""lexical_source_type_conflict"", ""same_name_multiple_source_types"", ""unresolved_entity_type:review_confidence_below_gate""]",True,1,11.0,46
ETV3-0026,IENT-1ef824d8c9538227e536a115,Concept,ConceptualEntity,fallback_unresolved,,"[""D""]","[""lexical_source_type_conflict"", ""same_name_multiple_source_types"", ""unresolved_entity_type:one_or_both_reviews_unknown""]",True,1,11.0,46
ETV3-0027,IENT-a5e2bc2c487cf158b3cd74bb,Concept,ConceptualEntity,fallback_unresolved,,"[""D""]","[""lexical_source_type_conflict"", ""same_name_multiple_source_types"", ""unresolved_entity_type:review_confidence_below_gate""]",True,1,11.0,46
ETV3-0028,IENT-b25ade2e22092f453fedcbd1,Concept,ConceptualEntity,fallback_unresolved,,"[""D""]","[""lexical_source_type_conflict"", ""same_name_multiple_source_types"", ""unresolved_entity_type:one_or_both_reviews_unknown""]",True,1,11.0,46
ETV3-0029,ITOPIC-26f87f1102001f197b07d642,Concept,ConceptualEntity,fallback_unresolved,,"[""D""]","[""lexical_source_type_conflict"", ""same_name_multiple_source_types"", ""unresolved_entity_type:one_or_both_reviews_unknown""]",True,1,11.0,46
ETV3-0030,IENT-25477c0d032e585f10b1fca5,Concept,ConceptualEntity,fallback_unresolved,,"[""D""]","[""lexical_source_type_conflict"", ""same_name_multiple_source_types"", ""unresolved_entity_type:one_or_both_reviews_unknown""]",True,1,11.0,46
ETV3-0031,ITOPIC-eede41bf05674e1d9f128ea4,Concept,ConceptualEntity,fallback_unresolved,,"[""D""]","[""lexical_source_type_conflict"", ""same_name_multiple_source_types"", ""unresolved_entity_type:one_or_both_reviews_unknown""]",True,1,11.0,46
ETV3-0032,IENT-b5d1a58a8f855fc3f581a848,Concept,ConceptualEntity,fallback_unresolved,,"[""D""]","[""lexical_source_type_conflict"", ""same_name_multiple_source_types"", ""unresolved_entity_type:review_type_disagreement""]",True,1,11.0,46
ETV3-0033,ITOPIC-566a23ca630ee5a0b175447b,Concept,ConceptualEntity,fallback_unresolved,,"[""D""]","[""lexical_source_type_conflict"", ""same_name_multiple_source_types"", ""unresolved_entity_type:review_type_disagreement""]",True,1,11.0,46
ETV3-0034,ITOPIC-ed66603a871a451c320d1120,Concept,ConceptualEntity,fallback_unresolved,,"[""D""]","[""lexical_source_type_conflict"", ""same_name_multiple_source_types"", ""unresolved_entity_type:review_confidence_below_gate""]",True,1,11.0,46
ETV3-0035,ITOPIC-a637e763d52534dc325b16fa,Concept,ConceptualEntity,fallback_unresolved,,"[""D""]","[""lexical_source_type_conflict"", ""same_name_multiple_source_types"", ""unresolved_entity_type:one_or_both_reviews_unknown""]",True,1,11.0,46
ETV3-0036,IENT-43d4ba273c3c9026276fd9c4,Concept,ConceptualEntity,fallback_unresolved,,"[""D""]","[""lexical_source_type_conflict"", ""same_name_multiple_source_types"", ""unresolved_entity_type:review_type_disagreement""]",True,1,11.0,46
ETV3-0037,IENT-bdb7a764af874b15aa484000,Concept,ConceptualEntity,fallback_unresolved,,"[""D""]","[""lexical_source_type_conflict"", ""model_unknown"", ""same_name_multiple_source_types"", ""unresolved_entity_type:prior_manual_review""]",True,1,11.0,46
ETV3-0038,ITOPIC-42d8b7552e113ea50770e337,Concept,ConceptualEntity,fallback_unresolved,,"[""D""]","[""lexical_source_type_conflict"", ""same_name_multiple_source_types"", ""unresolved_entity_type:one_or_both_reviews_unknown""]",True,1,11.0,46
ETV3-0039,ITOPIC-8897d48ecc9e018e32d0ac57,Concept,ConceptualEntity,fallback_unresolved,,"[""D""]","[""lexical_source_type_conflict"", ""same_name_multiple_source_types"", ""unresolved_entity_type:review_confidence_below_gate""]",True,1,11.0,46
ETV3-0040,IENTREPAIR-54f37e6c0614d958235453e3,Concept,ConceptualEntity,fallback_unresolved,,"[""D""]","[""lexical_source_type_conflict"", ""same_name_multiple_source_types"", ""unresolved_entity_type:review_confidence_below_gate""]",True,1,11.0,46
ETV3-0041,ITOPIC-63335ffc734dd0bb4e5a8e64,Concept,ConceptualEntity,fallback_unresolved,,"[""D""]","[""lexical_source_type_conflict"", ""same_name_multiple_source_types"", ""unresolved_entity_type:one_or_both_reviews_unknown""]",True,1,11.0,46
ETV3-0042,IENT-edccd501dc8678d474d74d68,Concept,ConceptualEntity,fallback_unresolved,,"[""D""]","[""lexical_source_type_conflict"", ""same_name_multiple_source_types"", ""unresolved_entity_type:one_or_both_reviews_unknown""]",True,1,11.0,46
ETV3-0043,ITOPIC-e2803a524c322925276082d5,Concept,ConceptualEntity,fallback_unresolved,,"[""D""]","[""lexical_source_type_conflict"", ""same_name_multiple_source_types"", ""unresolved_entity_type:one_or_both_reviews_unknown""]",True,1,11.0,46
ETV3-0044,ITOPIC-b2bcf1068f532fa171cc9a56,Concept,ConceptualEntity,fallback_unresolved,,"[""D""]","[""lexical_source_type_conflict"", ""same_name_multiple_source_types"", ""unresolved_entity_type:one_or_both_reviews_unknown""]",True,1,11.0,46
ETV3-0045,ITOPIC-9c2bbb3a87d64999bb306a27,Concept,ConceptualEntity,fallback_unresolved,,"[""D""]","[""lexical_source_type_conflict"", ""same_name_multiple_source_types"", ""unresolved_entity_type:review_confidence_below_gate""]",True,1,11.0,46
ETV3-0046,ITOPIC-5b5be6cf67687d4391b6ec34,Concept,ConceptualEntity,fallback_unresolved,,"[""D""]","[""lexical_source_type_conflict"", ""same_name_multiple_source_types"", ""unresolved_entity_type:review_confidence_below_gate""]",True,1,11.0,46
ETV3-0047,IENT-ffcf15b7560769c36b844a49,Concept,ConceptualEntity,fallback_unresolved,,"[""D""]","[""lexical_source_type_conflict"", ""same_name_multiple_source_types"", ""unresolved_entity_type:review_confidence_below_gate""]",True,1,11.0,46
ETV3-0048,ITOPIC-4de861575544a54574438c29,Concept,ConceptualEntity,fallback_unresolved,,"[""D""]","[""lexical_source_type_conflict"", ""same_name_multiple_source_types"", ""unresolved_entity_type:one_or_both_reviews_unknown""]",True,1,11.0,46
ETV3-0049,ITOPIC-9a396c327e0ebfa4aaef9326,Concept,ConceptualEntity,fallback_unresolved,,"[""D""]","[""lexical_source_type_conflict"", ""same_name_multiple_source_types"", ""unresolved_entity_type:one_or_both_reviews_unknown""]",True,1,11.0,46
ETV3-0050,ITOPIC-d02f43496b5228abe7fa0841,Concept,ConceptualEntity,fallback_unresolved,,"[""D""]","[""lexical_source_type_conflict"", ""same_name_multiple_source_types"", ""unresolved_entity_type:review_type_disagreement""]",True,1,11.0,46
ETV3-0051,IENT-99f45e893bc63df3ef06df47,Concept,ConceptualEntity,fallback_unresolved,,"[""D""]","[""lexical_source_type_conflict"", ""same_name_multiple_source_types"", ""unresolved_entity_type:one_or_both_reviews_unknown""]",True,1,11.0,46
ETV3-0052,IENT-5a58c401eeb131e7138bb6ae,Concept,ConceptualEntity,fallback_unresolved,,"[""D""]","[""lexical_source_type_conflict"", ""same_name_multiple_source_types"", ""unresolved_entity_type:review_confidence_below_gate""]",True,1,11.0,46
ETV3-0053,ITOPIC-d905ceaea19ee32ef513517a,Concept,ConceptualEntity,fallback_unresolved,,"[""D""]","[""lexical_source_type_conflict"", ""same_name_multiple_source_types"", ""unresolved_entity_type:review_type_disagreement""]",True,1,11.0,46
ETV3-0054,ITOPIC-62a905570e33827b7da0de2b,Concept,ConceptualEntity,fallback_unresolved,,"[""D""]","[""lexical_source_type_conflict"", ""same_name_multiple_source_types"", ""unresolved_entity_type:review_confidence_below_gate""]",True,1,11.0,46
ETV3-0055,ITOPIC-d389a44720cf34a322ada333,Concept,ConceptualEntity,fallback_unresolved,,"[""D""]","[""lexical_source_type_conflict"", ""same_name_multiple_source_types"", ""unresolved_entity_type:one_or_both_reviews_unknown""]",True,1,11.0,46
ETV3-0056,ITOPIC-7de88b21141014a29e222745,Concept,ConceptualEntity,fallback_unresolved,,"[""D""]","[""lexical_source_type_conflict"", ""same_name_multiple_source_types"", ""unresolved_entity_type:one_or_both_reviews_unknown""]",True,1,11.0,46
ETV3-0057,ITOPIC-377d65bf203691e4ffaa3e38,Concept,ConceptualEntity,fallback_unresolved,,"[""D""]","[""lexical_source_type_conflict"", ""same_name_multiple_source_types"", ""unresolved_entity_type:one_or_both_reviews_unknown""]",True,1,11.0,46
ETV3-0058,IENT-7e747a0926d4668cc9dcbe01,Concept,ConceptualEntity,fallback_unresolved,,"[""D""]","[""lexical_source_type_conflict"", ""same_name_multiple_source_types"", ""unresolved_entity_type:review_confidence_below_gate""]",True,1,11.0,46
ETV3-0059,ITOPIC-daf62ded74df477f288f4475,Concept,ConceptualEntity,fallback_unresolved,,"[""D""]","[""lexical_source_type_conflict"", ""same_name_multiple_source_types"", ""unresolved_entity_type:one_or_both_reviews_unknown""]",True,1,11.0,46
ETV3-0060,IENTREPAIR-b3bb899ed06d1c748fb23e0b,Concept,ConceptualEntity,fallback_unresolved,,"[""D""]","[""lexical_source_type_conflict"", ""same_name_multiple_source_types"", ""unresolved_entity_type:one_or_both_reviews_unknown""]",True,1,11.0,46
ETV3-0061,IENTREPAIR-e0a8c7d34754c24928f1ce64,Concept,ConceptualEntity,fallback_unresolved,,"[""D""]","[""lexical_source_type_conflict"", ""same_name_multiple_source_types"", ""unresolved_entity_type:review_confidence_below_gate""]",True,1,11.0,46
ETV3-0062,IENT-f3fd33ba44718106ae9d3445,Concept,ConceptualEntity,fallback_unresolved,,"[""D""]","[""generic_role_cannot_be_concrete_person"", ""lexical_source_type_conflict"", ""same_name_multiple_source_types"", ""unresolved_entity_type:one_or_both_reviews_unknown""]",True,1,11.0,46
ETV3-0063,ITOPIC-a50f513e2a0aa5b9e039dec0,Concept,ConceptualEntity,fallback_unresolved,,"[""D""]","[""lexical_source_type_conflict"", ""same_name_multiple_source_types"", ""unresolved_entity_type:one_or_both_reviews_unknown""]",True,1,11.0,46
ETV3-0064,IENT-f0b990326fdd9523db2bfd1b,Concept,ConceptualEntity,fallback_unresolved,,"[""D""]","[""lexical_source_type_conflict"", ""same_name_multiple_source_types"", ""unresolved_entity_type:one_or_both_reviews_unknown""]",True,1,11.0,46
ETV3-0065,ITOPIC-d400d4b57ba47be5874f11f9,Concept,ConceptualEntity,fallback_unresolved,,"[""D""]","[""lexical_source_type_conflict"", ""same_name_multiple_source_types"", ""unresolved_entity_type:review_confidence_below_gate""]",True,1,11.0,46
ETV3-0066,ITOPIC-da92494c6ae74e0334dc6ac1,Concept,ConceptualEntity,fallback_unresolved,,"[""D""]","[""lexical_source_type_conflict"", ""same_name_multiple_source_types"", ""unresolved_entity_type:review_type_disagreement""]",True,1,11.0,46
ETV3-0067,ITOPIC-b3ec3662e9cca0f6a56fb547,CreativeWork,InformationObject,fallback_unresolved,,"[""D""]","[""lexical_source_type_conflict"", ""same_name_multiple_source_types"", ""unresolved_entity_type:review_confidence_below_gate""]",True,1,11.0,10
ETV3-0068,ITOPIC-cebebe68c1fcdb8d58b0d761,CreativeWork,InformationObject,fallback_unresolved,,"[""D""]","[""lexical_source_type_conflict"", ""same_name_multiple_source_types"", ""unresolved_entity_type:review_confidence_below_gate""]",True,1,11.0,10
ETV3-0069,ITOPIC-a821f8b7e9d614f7d9650893,CreativeWork,InformationObject,fallback_unresolved,,"[""D""]","[""lexical_source_type_conflict"", ""same_name_multiple_source_types"", ""unresolved_entity_type:review_type_disagreement""]",True,1,11.0,10
ETV3-0070,ITOPIC-9bea256ab543b9463d531a46,CreativeWork,InformationObject,fallback_unresolved,,"[""D""]","[""lexical_source_type_conflict"", ""same_name_multiple_source_types"", ""unresolved_entity_type:review_type_disagreement""]",True,1,11.0,10
ETV3-0071,ITOPIC-5103a781f9865c9be4f5213a,CreativeWork,InformationObject,fallback_unresolved,,"[""D""]","[""lexical_source_type_conflict"", ""same_name_multiple_source_types"", ""unresolved_entity_type:one_or_both_reviews_unknown""]",True,1,11.0,10
ETV3-0072,ITOPIC-bae1b504fac161147a6e8378,CreativeWork,InformationObject,fallback_unresolved,,"[""D""]","[""lexical_source_type_conflict"", ""same_name_multiple_source_types"", ""unresolved_entity_type:review_confidence_below_gate""]",True,1,11.0,10
ETV3-0073,ITOPIC-7d3f5540acf6942f061ad99b,CreativeWork,InformationObject,fallback_unresolved,,"[""D""]","[""lexical_source_type_conflict"", ""same_name_multiple_source_types"", ""unresolved_entity_type:review_confidence_below_gate""]",True,1,11.0,10
ETV3-0074,ITOPIC-457dfc319a899e968fd4561c,CreativeWork,InformationObject,fallback_unresolved,,"[""D""]","[""lexical_source_type_conflict"", ""same_name_multiple_source_types"", ""unresolved_entity_type:specialized_cross_type_requires_topic_audit""]",True,1,11.0,10
ETV3-0075,ITOPIC-83fbbec6e9c0c9c7cd969d10,CreativeWork,InformationObject,fallback_unresolved,,"[""D""]","[""lexical_source_type_conflict"", ""same_name_multiple_source_types"", ""unresolved_entity_type:specialized_cross_type_requires_topic_audit""]",True,1,11.0,10
ETV3-0076,ITOPIC-f4225de4c52f4718f8e1229d,CreativeWork,InformationObject,fallback_unresolved,,"[""D""]","[""lexical_source_type_conflict"", ""same_name_multiple_source_types"", ""unresolved_entity_type:review_confidence_below_gate""]",True,1,11.0,10
ETV3-0077,ITOPIC-16079d2f5c46563d0773cb17,CulturalSite,SpatialEntity,validated,0.95,"[""B""]","[""lexical_source_type_conflict"", ""same_name_multiple_source_types""]",True,1,5.0,10
ETV3-0078,IENT-a06ed03c0fa62a9a5847c955,CulturalSite,SpatialEntity,validated,0.99,"[""A""]","[""cultural_site_structural_type"", ""lexical_source_type_conflict"", ""same_name_multiple_source_types""]",False,3,3.0,10
ETV3-0079,IENT-a0e18746b6b16f5926aa6a53,CulturalSite,SpatialEntity,validated,0.99,"[""A""]","[""cultural_site_structural_type"", ""lexical_source_type_conflict"", ""same_name_multiple_source_types""]",False,3,3.0,10
ETV3-0080,ITOPIC-9d4245999e4f9f5db11b8017,CulturalSite,SpatialEntity,validated,0.99,"[""A""]","[""cultural_site_structural_type"", ""lexical_source_type_conflict"", ""same_name_multiple_source_types""]",False,1,3.0,10
ETV3-0081,IENT-4a8dab00b999fede4458a82a,CulturalSite,SpatialEntity,validated,0.99,"[""A""]","[""cultural_site_structural_type"", ""lexical_source_type_conflict"", ""same_name_multiple_source_types""]",False,2,3.0,10
ETV3-0082,IENT-a961a61e5d48a11468bcfd4b,CulturalSite,SpatialEntity,validated,0.99,"[""A""]","[""cultural_site_structural_type"", ""lexical_source_type_conflict"", ""same_name_multiple_source_types""]",False,2,3.0,10
ETV3-0083,IENT-e13e081f5bcc0a90dcc30dd7,CulturalSite,SpatialEntity,validated,0.99,"[""A""]","[""cultural_site_structural_type"", ""lexical_source_type_conflict""]",False,1,2.0,10
ETV3-0084,IENT-986b65b5a7fdc9d4d5df8576,CulturalSite,SpatialEntity,validated,0.99,"[""A""]","[""cultural_site_structural_type"", ""lexical_source_type_conflict""]",False,2,2.0,10
ETV3-0085,IENT-9576a7970a9db27c08426cc2,CulturalSite,SpatialEntity,validated,0.99,"[""A""]","[""cultural_site_structural_type"", ""lexical_source_type_conflict""]",False,2,2.0,10
ETV3-0086,IENT-5c35bd22726349f98e464599,CulturalSite,SpatialEntity,validated,0.99,"[""A""]","[""cultural_site_structural_type"", ""lexical_source_type_conflict""]",False,2,2.0,10
ETV3-0087,ITOPIC-0971ad472c12248b67027886,Document,InformationObject,fallback_unresolved,,"[""D""]","[""lexical_source_type_conflict"", ""same_name_multiple_source_types"", ""unresolved_entity_type:review_type_disagreement""]",True,1,11.0,10
ETV3-0088,ITOPIC-9f740c147f7d89ec740c4e32,Document,InformationObject,fallback_unresolved,,"[""D""]","[""lexical_source_type_conflict"", ""same_name_multiple_source_types"", ""unresolved_entity_type:review_confidence_below_gate""]",True,1,11.0,10
ETV3-0089,ITOPIC-cd321c1652afd51b64f0907f,Document,InformationObject,fallback_unresolved,,"[""D""]","[""lexical_source_type_conflict"", ""same_name_multiple_source_types"", ""unresolved_entity_type:review_confidence_below_gate""]",True,1,11.0,10
ETV3-0090,ITOPIC-b679baf00e76b1e0100d14d5,Document,InformationObject,fallback_unresolved,,"[""D""]","[""lexical_source_type_conflict"", ""same_name_multiple_source_types"", ""unresolved_entity_type:one_or_both_reviews_unknown""]",True,1,11.0,10
ETV3-0091,ITOPIC-b8a7d05c9be83cd60938857e,Document,InformationObject,fallback_unresolved,,"[""D""]","[""lexical_source_type_conflict"", ""same_name_multiple_source_types"", ""unresolved_entity_type:one_or_both_reviews_unknown""]",True,1,11.0,10
ETV3-0092,ITOPIC-ccf4aa21b29a19eeb7fc870e,Document,InformationObject,fallback_unresolved,,"[""D""]","[""lexical_source_type_conflict"", ""same_name_multiple_source_types"", ""unresolved_entity_type:one_or_both_reviews_unknown""]",True,1,11.0,10
ETV3-0093,ITOPIC-bda70b99d41c3369ba9219a9,Document,InformationObject,fallback_unresolved,,"[""D""]","[""lexical_source_type_conflict"", ""same_name_multiple_source_types"", ""unresolved_entity_type:review_confidence_below_gate""]",True,1,11.0,10
ETV3-0094,ITOPIC-f5f203940b3985a69f06e191,Document,InformationObject,fallback_unresolved,,"[""D""]","[""lexical_source_type_conflict"", ""same_name_multiple_source_types"", ""unresolved_entity_type:review_confidence_below_gate""]",True,1,11.0,10
ETV3-0095,ITOPIC-8142bcb826aca7bbe4c4d442,Document,InformationObject,fallback_unresolved,,"[""D""]","[""lexical_source_type_conflict"", ""same_name_multiple_source_types"", ""unresolved_entity_type:review_confidence_below_gate""]",True,1,11.0,10
ETV3-0096,ITOPIC-a32ef84aa024e88efcd95879,Document,InformationObject,fallback_unresolved,,"[""D""]","[""lexical_source_type_conflict"", ""same_name_multiple_source_types"", ""unresolved_entity_type:review_type_disagreement""]",True,1,11.0,10
ETV3-0097,IENT-21c746c002fc512be07186ea,Event,Event,fallback_unresolved,,"[""D""]","[""lexical_source_type_conflict"", ""same_name_multiple_source_types"", ""unresolved_entity_type:review_confidence_below_gate""]",True,1,11.0,59
ETV3-0098,IENT-821630e6a3bb3d83535735d5,Event,Event,fallback_unresolved,,"[""D""]","[""lexical_source_type_conflict"", ""same_name_multiple_source_types"", ""unresolved_entity_type:review_type_disagreement""]",True,1,11.0,59
ETV3-0099,ITOPIC-9b7e6fa398db4153ff5ec8d7,Event,Event,fallback_unresolved,,"[""D""]","[""lexical_source_type_conflict"", ""same_name_multiple_source_types"", ""unresolved_entity_type:one_or_both_reviews_unknown""]",True,1,11.0,59
ETV3-0100,IENT-20cc8fbeae8aba35b814817b,Event,Event,fallback_unresolved,,"[""D""]","[""lexical_source_type_conflict"", ""same_name_multiple_source_types"", ""unresolved_entity_type:review_type_disagreement""]",True,1,11.0,59
ETV3-0101,IENTREPAIR-eae732bbcc83c4aa307af36c,Event,Event,fallback_unresolved,,"[""D""]","[""lexical_source_type_conflict"", ""same_name_multiple_source_types"", ""unresolved_entity_type:review_confidence_below_gate""]",True,1,11.0,59
ETV3-0102,ITOPIC-40c8f4bbb83654ea5edc850c,Event,Event,fallback_unresolved,,"[""D""]","[""lexical_source_type_conflict"", ""same_name_multiple_source_types"", ""unresolved_entity_type:review_type_disagreement""]",True,1,11.0,59
ETV3-0103,IENT-c07ed49e54db542f5ecc7290,Event,Event,fallback_unresolved,,"[""D""]","[""lexical_source_type_conflict"", ""same_name_multiple_source_types"", ""unresolved_entity_type:review_type_disagreement""]",True,2,11.0,59
ETV3-0104,IENT-ed807be7132eb12cd042bb2a,Event,Event,fallback_unresolved,,"[""D""]","[""lexical_source_type_conflict"", ""same_name_multiple_source_types"", ""unresolved_entity_type:one_or_both_reviews_unknown""]",True,1,11.0,59
ETV3-0105,IENT-6e12b1507334b9b98065f427,Event,Event,fallback_unresolved,,"[""D""]","[""lexical_source_type_conflict"", ""same_name_multiple_source_types"", ""unresolved_entity_type:one_or_both_reviews_unknown""]",True,1,11.0,59
ETV3-0106,ITOPIC-f80421ee0bf7550000cb7272,Event,Event,fallback_unresolved,,"[""D""]","[""lexical_source_type_conflict"", ""same_name_multiple_source_types"", ""unresolved_entity_type:review_confidence_below_gate""]",True,1,11.0,59
ETV3-0107,IENT-3fb29174a0e8256b30d4fe59,Event,Event,fallback_unresolved,,"[""D""]","[""lexical_source_type_conflict"", ""same_name_multiple_source_types"", ""unresolved_entity_type:one_or_both_reviews_unknown""]",True,1,11.0,59
ETV3-0108,ITOPIC-fe57d51efb58a76af9b490a8,Event,Event,fallback_unresolved,,"[""D""]","[""lexical_source_type_conflict"", ""same_name_multiple_source_types"", ""unresolved_entity_type:review_type_disagreement""]",True,1,11.0,59
ETV3-0109,IENT-1e23d236f13ba3195bd14304,Event,Event,fallback_unresolved,,"[""D""]","[""lexical_source_type_conflict"", ""same_name_multiple_source_types"", ""unresolved_entity_type:review_confidence_below_gate""]",True,2,11.0,59
ETV3-0110,IENT-237bbbb834d0db3e138d5c91,Event,Event,fallback_unresolved,,"[""D""]","[""lexical_source_type_conflict"", ""model_unknown"", ""same_name_multiple_source_types"", ""unresolved_entity_type:prior_manual_review""]",True,2,11.0,59
ETV3-0111,ITOPIC-81e144e1478cd5dac6531b61,Event,Event,fallback_unresolved,,"[""D""]","[""lexical_source_type_conflict"", ""same_name_multiple_source_types"", ""unresolved_entity_type:review_type_disagreement""]",True,1,11.0,59
ETV3-0112,ITOPIC-c6c5ba861af48544fb38b594,Event,Event,fallback_unresolved,,"[""D""]","[""lexical_source_type_conflict"", ""same_name_multiple_source_types"", ""unresolved_entity_type:review_type_disagreement""]",True,1,11.0,59
ETV3-0113,IENTREPAIR-b2ced6b3db6fe1781ead23ed,Event,Event,fallback_unresolved,,"[""D""]","[""lexical_source_type_conflict"", ""model_unknown"", ""same_name_multiple_source_types"", ""unresolved_entity_type:prior_manual_review""]",True,1,11.0,59
ETV3-0114,IENT-2809bcc5e6aebde3b5f74fd2,Event,Event,fallback_unresolved,,"[""D""]","[""lexical_source_type_conflict"", ""same_name_multiple_source_types"", ""unresolved_entity_type:review_type_disagreement""]",True,1,11.0,59
ETV3-0115,ITOPIC-c715923f8f0f97c0d9720267,Event,Event,fallback_unresolved,,"[""D""]","[""lexical_source_type_conflict"", ""same_name_multiple_source_types"", ""unresolved_entity_type:one_or_both_reviews_unknown""]",True,1,11.0,59
ETV3-0116,ITOPIC-414004f787b3c393c368a02f,Event,Event,fallback_unresolved,,"[""D""]","[""lexical_source_type_conflict"", ""same_name_multiple_source_types"", ""unresolved_entity_type:review_confidence_below_gate""]",True,1,11.0,59
ETV3-0117,IENT-355190270afb0812384aa4bf,Event,Event,fallback_unresolved,,"[""D""]","[""lexical_source_type_conflict"", ""same_name_multiple_source_types"", ""unresolved_entity_type:review_confidence_below_gate""]",True,1,11.0,59
ETV3-0118,ITOPIC-a6cff246d6c534e7d7dfed4e,Event,Event,fallback_unresolved,,"[""D""]","[""lexical_source_type_conflict"", ""same_name_multiple_source_types"", ""unresolved_entity_type:review_type_disagreement""]",True,1,11.0,59
ETV3-0119,IENT-d999c313c30ffee41d611270,Event,Event,fallback_unresolved,,"[""D""]","[""lexical_source_type_conflict"", ""same_name_multiple_source_types"", ""unresolved_entity_type:one_or_both_reviews_unknown""]",True,1,11.0,59
ETV3-0120,IENTREPAIR-d8cbed977bfc2a3c684c2025,Event,Event,fallback_unresolved,,"[""D""]","[""lexical_source_type_conflict"", ""same_name_multiple_source_types"", ""unresolved_entity_type:review_type_disagreement""]",True,1,11.0,59
ETV3-0121,ITOPIC-03e1667c37c266575d44586b,Event,Event,fallback_unresolved,,"[""D""]","[""lexical_source_type_conflict"", ""same_name_multiple_source_types"", ""unresolved_entity_type:one_or_both_reviews_unknown""]",True,1,11.0,59
ETV3-0122,ITOPIC-8aff3dbb35c1fd87297881b8,Event,Event,fallback_unresolved,,"[""D""]","[""lexical_source_type_conflict"", ""same_name_multiple_source_types"", ""unresolved_entity_type:one_or_both_reviews_unknown""]",True,1,11.0,59
ETV3-0123,ITOPIC-7479fcec82cb1680f7cd817e,Event,Event,fallback_unresolved,,"[""D""]","[""lexical_source_type_conflict"", ""same_name_multiple_source_types"", ""unresolved_entity_type:review_type_disagreement""]",True,1,11.0,59
ETV3-0124,IENTREPAIR-b52999794eae604c152ce294,Event,Event,fallback_unresolved,,"[""D""]","[""lexical_source_type_conflict"", ""same_name_multiple_source_types"", ""unresolved_entity_type:one_or_both_reviews_unknown""]",True,1,11.0,59
ETV3-0125,IENT-8c34093e64d09c51f5e63500,Event,Event,fallback_unresolved,,"[""D""]","[""lexical_source_type_conflict"", ""same_name_multiple_source_types"", ""unresolved_entity_type:one_or_both_reviews_unknown""]",True,2,11.0,59
ETV3-0126,ITOPIC-a7d9542b0f36eadad9b5fe06,Event,Event,fallback_unresolved,,"[""D""]","[""lexical_source_type_conflict"", ""same_name_multiple_source_types"", ""unresolved_entity_type:review_type_disagreement""]",True,1,11.0,59
ETV3-0127,ITOPIC-1eff0894f94d56568325326a,Event,Event,fallback_unresolved,,"[""D""]","[""lexical_source_type_conflict"", ""same_name_multiple_source_types"", ""unresolved_entity_type:one_or_both_reviews_unknown""]",True,1,11.0,59
ETV3-0128,ITOPIC-19fde98fbe572b41c13d796c,Event,Event,fallback_unresolved,,"[""D""]","[""lexical_source_type_conflict"", ""same_name_multiple_source_types"", ""unresolved_entity_type:review_confidence_below_gate""]",True,1,11.0,59
ETV3-0129,IENT-c4b2e04c6a8c674af13dffaa,Event,Event,fallback_unresolved,,"[""D""]","[""lexical_source_type_conflict"", ""same_name_multiple_source_types"", ""unresolved_entity_type:review_confidence_below_gate""]",True,2,11.0,59
ETV3-0130,ITOPIC-284446099d0e0f533d57868c,Event,Event,fallback_unresolved,,"[""D""]","[""lexical_source_type_conflict"", ""same_name_multiple_source_types"", ""unresolved_entity_type:one_or_both_reviews_unknown""]",True,1,11.0,59
ETV3-0131,IENTREPAIR-cb93082fed2071f1556aad09,Event,Event,fallback_unresolved,,"[""D""]","[""lexical_source_type_conflict"", ""same_name_multiple_source_types"", ""unresolved_entity_type:one_or_both_reviews_unknown""]",True,1,11.0,59
ETV3-0132,ITOPIC-3ab00b8eb75a7b6999c13350,Event,Event,fallback_unresolved,,"[""D""]","[""lexical_source_type_conflict"", ""same_name_multiple_source_types"", ""unresolved_entity_type:one_or_both_reviews_unknown""]",True,1,11.0,59
ETV3-0133,ITOPIC-425c9e8f86311037de27d10d,Event,Event,fallback_unresolved,,"[""D""]","[""lexical_source_type_conflict"", ""same_name_multiple_source_types"", ""unresolved_entity_type:review_confidence_below_gate""]",True,1,11.0,59
ETV3-0134,IENT-b8a08f1f529e4d1f372e0ccb,Event,Event,fallback_unresolved,,"[""D""]","[""lexical_source_type_conflict"", ""same_name_multiple_source_types"", ""unresolved_entity_type:review_confidence_below_gate""]",True,1,11.0,59
ETV3-0135,IENT-03d803d068bd7d2fce23d163,Event,Event,fallback_unresolved,,"[""D""]","[""lexical_source_type_conflict"", ""same_name_multiple_source_types"", ""unresolved_entity_type:review_confidence_below_gate""]",True,1,11.0,59
ETV3-0136,IENT-de50d23b163980149d4198ed,Event,Event,fallback_unresolved,,"[""D""]","[""lexical_source_type_conflict"", ""same_name_multiple_source_types"", ""unresolved_entity_type:review_confidence_below_gate""]",True,2,11.0,59
ETV3-0137,ITOPIC-8e25010403de161808c780e5,Event,Event,fallback_unresolved,,"[""D""]","[""lexical_source_type_conflict"", ""same_name_multiple_source_types"", ""unresolved_entity_type:one_or_both_reviews_unknown""]",True,1,11.0,59
ETV3-0138,ITOPIC-b94793c7b841a2b17215f299,Event,Event,fallback_unresolved,,"[""D""]","[""lexical_source_type_conflict"", ""same_name_multiple_source_types"", ""unresolved_entity_type:one_or_both_reviews_unknown""]",True,1,11.0,59
ETV3-0139,ITOPIC-61a0d8f296913b73a0127720,Event,Event,fallback_unresolved,,"[""D""]","[""lexical_source_type_conflict"", ""same_name_multiple_source_types"", ""unresolved_entity_type:review_type_disagreement""]",True,1,11.0,59
ETV3-0140,ITOPIC-0344c00899380ac9b8eb0f0c,Event,Event,fallback_unresolved,,"[""D""]","[""lexical_source_type_conflict"", ""same_name_multiple_source_types"", ""unresolved_entity_type:review_type_disagreement""]",True,1,11.0,59
ETV3-0141,IENT-efb2273a4753e125df2e3473,Event,Event,fallback_unresolved,,"[""D""]","[""lexical_source_type_conflict"", ""same_name_multiple_source_types"", ""unresolved_entity_type:one_or_both_reviews_unknown""]",True,1,11.0,59
ETV3-0142,IENT-a955b1750ab004c75a27ec78,Event,Event,fallback_unresolved,,"[""D""]","[""lexical_source_type_conflict"", ""same_name_multiple_source_types"", ""unresolved_entity_type:review_type_disagreement""]",True,1,11.0,59
ETV3-0143,ITOPIC-8d49f6e172398cbf46b98bdb,Event,Event,fallback_unresolved,,"[""D""]","[""lexical_source_type_conflict"", ""same_name_multiple_source_types"", ""unresolved_entity_type:one_or_both_reviews_unknown""]",True,1,11.0,59
ETV3-0144,IENTREPAIR-708c8b41089a82ab643c6874,Event,Event,fallback_unresolved,,"[""D""]","[""lexical_source_type_conflict"", ""same_name_multiple_source_types"", ""unresolved_entity_type:one_or_both_reviews_unknown""]",True,1,11.0,59
ETV3-0145,IENT-6fc5df9b7f9185b470cab640,Event,Event,fallback_unresolved,,"[""D""]","[""lexical_source_type_conflict"", ""same_name_multiple_source_types"", ""unresolved_entity_type:review_confidence_below_gate""]",True,1,11.0,59
ETV3-0146,ITOPIC-532e0c4accc9304d8ab9c2c2,Event,Event,fallback_unresolved,,"[""D""]","[""lexical_source_type_conflict"", ""same_name_multiple_source_types"", ""unresolved_entity_type:review_type_disagreement""]",True,1,11.0,59
ETV3-0147,IENT-23f8b4f6c98fbd36035cee98,Event,Event,fallback_unresolved,,"[""D""]","[""lexical_source_type_conflict"", ""same_name_multiple_source_types"", ""unresolved_entity_type:review_confidence_below_gate""]",True,1,11.0,59
ETV3-0148,ITOPIC-7c804ed2ef9854b673eba0f0,Event,Event,fallback_unresolved,,"[""D""]","[""lexical_source_type_conflict"", ""same_name_multiple_source_types"", ""unresolved_entity_type:one_or_both_reviews_unknown""]",True,1,11.0,59
ETV3-0149,IENT-c9f53ae06bd88534a2bea424,Event,Event,fallback_unresolved,,"[""D""]","[""lexical_source_type_conflict"", ""same_name_multiple_source_types"", ""unresolved_entity_type:review_confidence_below_gate""]",True,1,11.0,59
ETV3-0150,IENT-04e7f34ec939cbe0f9e8ce9a,Event,Event,fallback_unresolved,,"[""D""]","[""lexical_source_type_conflict"", ""same_name_multiple_source_types"", ""unresolved_entity_type:one_or_both_reviews_unknown""]",True,2,11.0,59
ETV3-0151,IENT-4a9bdebd5cb090cef78e4e62,Event,Event,fallback_unresolved,,"[""D""]","[""lexical_source_type_conflict"", ""same_name_multiple_source_types"", ""unresolved_entity_type:review_confidence_below_gate""]",True,1,11.0,59
ETV3-0152,ITOPIC-32bdea634786ccd456f44fe4,Event,Event,fallback_unresolved,,"[""D""]","[""lexical_source_type_conflict"", ""same_name_multiple_source_types"", ""unresolved_entity_type:one_or_both_reviews_unknown""]",True,1,11.0,59
ETV3-0153,ITOPIC-9ae360c297052ca9500072d0,Event,Event,fallback_unresolved,,"[""D""]","[""lexical_source_type_conflict"", ""same_name_multiple_source_types"", ""unresolved_entity_type:review_confidence_below_gate""]",True,1,11.0,59
ETV3-0154,ITOPIC-deff0ed184436eabbd234459,Event,Event,fallback_unresolved,,"[""D""]","[""lexical_source_type_conflict"", ""same_name_multiple_source_types"", ""unresolved_entity_type:one_or_both_reviews_unknown""]",True,1,11.0,59
ETV3-0155,IENT-e5869a4ada64104568c73789,Event,Event,fallback_unresolved,,"[""D""]","[""lexical_source_type_conflict"", ""same_name_multiple_source_types"", ""unresolved_entity_type:review_confidence_below_gate""]",True,1,11.0,59
ETV3-0156,ITOPIC-ede8b308ad5f17b78b9f6c71,Institution,CollectiveEntity,fallback_unresolved,,"[""D""]","[""lexical_source_type_conflict"", ""same_name_multiple_source_types"", ""unresolved_entity_type:review_type_disagreement""]",True,1,11.0,10
ETV3-0157,ITOPIC-cf0e33fe4ba0b2be4f7f5b4a,Institution,CollectiveEntity,validated,0.99,"[""A""]","[""institution_suffix_structure"", ""lexical_source_type_conflict"", ""same_name_multiple_source_types""]",True,1,5.0,10
ETV3-0158,IENT-02113881d2d869570829b4fb,Institution,CollectiveEntity,validated,0.95,"[""B""]","[""lexical_source_type_conflict"", ""same_name_multiple_source_types""]",True,1,5.0,10
ETV3-0159,IENT-05f38816c320c026e3759d8d,Institution,CollectiveEntity,validated,0.98,"[""B""]","[""compatible_subtype_name_collision"", ""same_name_multiple_source_types""]",True,1,3.0,10
ETV3-0160,IENT-7521a83884d4eaec303937fa,Institution,CollectiveEntity,validated,0.95,"[""B""]","[""lexical_source_type_conflict"", ""same_name_multiple_source_types""]",False,4,3.0,10
ETV3-0161,ITOPIC-09d9be54b08b338456e93282,Institution,CollectiveEntity,validated,0.99,"[""A""]","[""institution_suffix_structure"", ""same_name_multiple_source_types""]",True,1,3.0,10
ETV3-0162,IENT-a000efc799fd5f12f96b4f2a,Institution,CollectiveEntity,validated,0.98,"[""B""]","[""compatible_subtype_name_collision"", ""same_name_multiple_source_types""]",True,2,3.0,10
ETV3-0163,IENT-de0de004b12aa72593b1bb12,Institution,CollectiveEntity,validated,0.98,"[""B""]","[""compatible_subtype_name_collision"", ""same_name_multiple_source_types""]",True,1,3.0,10
ETV3-0164,IENT-b664d84d5afd4aae6b6543f9,Institution,CollectiveEntity,validated,0.98,"[""B""]","[""compatible_subtype_name_collision"", ""same_name_multiple_source_types""]",True,1,3.0,10
ETV3-0165,IENT-e21795dc9439fff6229447ea,Institution,CollectiveEntity,validated,0.95,"[""A"", ""B""]","[""compatible_subtype_name_collision"", ""lexical_source_type_conflict"", ""model_unknown"", ""same_name_multiple_source_types"", ""strict_and_exact_same_name_type""]",False,4,3.0,10
ETV3-0166,IENT-e9572fb2284f9bdbd80fbbec,Organization,CollectiveEntity,fallback_unresolved,,"[""D""]","[""lexical_source_type_conflict"", ""same_name_multiple_source_types"", ""unresolved_entity_type:review_confidence_below_gate""]",True,2,11.0,52
ETV3-0167,IENT-78368942c54d503835d86692,Organization,CollectiveEntity,fallback_unresolved,,"[""D""]","[""lexical_source_type_conflict"", ""same_name_multiple_source_types"", ""unresolved_entity_type:one_or_both_reviews_unknown""]",True,1,11.0,52
ETV3-0168,ITOPIC-82ca440f82e95cf92b905706,Organization,CollectiveEntity,fallback_unresolved,,"[""D""]","[""lexical_source_type_conflict"", ""same_name_multiple_source_types"", ""unresolved_entity_type:review_confidence_below_gate""]",True,1,11.0,52
ETV3-0169,IENT-65134cb8a04e99bb326c8452,Organization,CollectiveEntity,fallback_unresolved,,"[""D""]","[""lexical_source_type_conflict"", ""same_name_multiple_source_types"", ""unresolved_entity_type:review_type_disagreement""]",True,1,11.0,52
ETV3-0170,ITOPIC-4e026865802e684f2a394dae,Organization,CollectiveEntity,fallback_unresolved,,"[""D""]","[""lexical_source_type_conflict"", ""same_name_multiple_source_types"", ""unresolved_entity_type:one_or_both_reviews_unknown""]",True,1,11.0,52
ETV3-0171,IENT-cb770598d4afe1a7ed747086,Organization,CollectiveEntity,fallback_unresolved,,"[""D""]","[""lexical_source_type_conflict"", ""same_name_multiple_source_types"", ""unresolved_entity_type:one_or_both_reviews_unknown""]",True,1,11.0,52
ETV3-0172,IENT-486cd09148659f97d5d6f2ad,Organization,CollectiveEntity,fallback_unresolved,,"[""D""]","[""lexical_source_type_conflict"", ""same_name_multiple_source_types"", ""unresolved_entity_type:review_confidence_below_gate""]",True,1,11.0,52
ETV3-0173,IENT-ebbf687906928ab1b18cea43,Organization,CollectiveEntity,fallback_unresolved,,"[""D""]","[""lexical_source_type_conflict"", ""same_name_multiple_source_types"", ""unresolved_entity_type:review_confidence_below_gate""]",True,1,11.0,52
ETV3-0174,ITOPIC-ab2786d9a736190d9a9b67a7,Organization,CollectiveEntity,fallback_unresolved,,"[""D""]","[""lexical_source_type_conflict"", ""same_name_multiple_source_types"", ""unresolved_entity_type:one_or_both_reviews_unknown""]",True,1,11.0,52
ETV3-0175,IENT-84a117d8760c40f9280a5173,Organization,CollectiveEntity,fallback_unresolved,,"[""D""]","[""lexical_source_type_conflict"", ""same_name_multiple_source_types"", ""unresolved_entity_type:review_type_disagreement""]",True,2,11.0,52
ETV3-0176,IENT-1d7f8f18a4396b883acc5a3d,Organization,CollectiveEntity,fallback_unresolved,,"[""D""]","[""lexical_source_type_conflict"", ""same_name_multiple_source_types"", ""unresolved_entity_type:one_or_both_reviews_unknown""]",True,1,11.0,52
ETV3-0177,IENT-51bb1e0d872abfdb03021dc0,Organization,CollectiveEntity,fallback_unresolved,,"[""D""]","[""lexical_source_type_conflict"", ""same_name_multiple_source_types"", ""unresolved_entity_type:one_or_both_reviews_unknown""]",True,2,11.0,52
ETV3-0178,IENT-5d5685bb28456494e1525f68,Organization,CollectiveEntity,fallback_unresolved,,"[""D""]","[""lexical_source_type_conflict"", ""same_name_multiple_source_types"", ""unresolved_entity_type:one_or_both_reviews_unknown""]",True,1,11.0,52
ETV3-0179,IENT-dadc9f5e2f1739d5de237b55,Organization,CollectiveEntity,fallback_unresolved,,"[""D""]","[""lexical_source_type_conflict"", ""same_name_multiple_source_types"", ""unresolved_entity_type:one_or_both_reviews_unknown""]",True,1,11.0,52
ETV3-0180,IENT-e7288d34f85feec93a620489,Organization,CollectiveEntity,fallback_unresolved,,"[""D""]","[""lexical_source_type_conflict"", ""model_unknown"", ""same_name_multiple_source_types"", ""unresolved_entity_type:prior_manual_review""]",True,3,11.0,52
ETV3-0181,IENT-3be8c889346f09ceab8169de,Organization,CollectiveEntity,fallback_unresolved,,"[""D""]","[""same_name_multiple_source_types"", ""unresolved_entity_type:one_or_both_reviews_unknown""]",True,1,9.0,52
ETV3-0182,IENT-640190bd6a50fa8f0e6d998c,Organization,CollectiveEntity,fallback_unresolved,,"[""D""]","[""same_name_multiple_source_types"", ""unresolved_entity_type:review_confidence_below_gate""]",True,1,9.0,52
ETV3-0183,IENT-3e92a7050592d645512e0986,Organization,CollectiveEntity,fallback_unresolved,,"[""D""]","[""same_name_multiple_source_types"", ""unresolved_entity_type:review_confidence_below_gate""]",True,2,9.0,52
ETV3-0184,ITOPIC-6748e688fc5d9e627ad5be00,Organization,CollectiveEntity,fallback_unresolved,,"[""D""]","[""same_name_multiple_source_types"", ""unresolved_entity_type:review_type_disagreement""]",True,1,9.0,52
ETV3-0185,IENT-b482dd7141a375d1ea8355be,Organization,CollectiveEntity,fallback_unresolved,,"[""D""]","[""same_name_multiple_source_types"", ""unresolved_entity_type:review_type_disagreement""]",True,1,9.0,52
ETV3-0186,IENTREPAIR-87ff4aae37d362f979e8c1d8,Organization,CollectiveEntity,fallback_unresolved,,"[""D""]","[""same_name_multiple_source_types"", ""unresolved_entity_type:one_or_both_reviews_unknown""]",True,1,9.0,52
ETV3-0187,IENTREPAIR-e264206a4c6df2884376c3b6,Organization,CollectiveEntity,fallback_unresolved,,"[""D""]","[""same_name_multiple_source_types"", ""unresolved_entity_type:review_type_disagreement""]",True,1,9.0,52
ETV3-0188,ITOPIC-cdd775cc14f97844196d5cab,Organization,CollectiveEntity,fallback_unresolved,,"[""D""]","[""same_name_multiple_source_types"", ""unresolved_entity_type:one_or_both_reviews_unknown""]",True,1,9.0,52
ETV3-0189,ITOPIC-16967ce3d1bdd1c309450820,Organization,CollectiveEntity,fallback_unresolved,,"[""D""]","[""same_name_multiple_source_types"", ""unresolved_entity_type:review_confidence_below_gate""]",True,1,9.0,52
ETV3-0190,ITOPIC-90e37cee45b1658a143be20f,Organization,CollectiveEntity,fallback_unresolved,,"[""D""]","[""same_name_multiple_source_types"", ""unresolved_entity_type:review_type_disagreement""]",True,1,9.0,52
ETV3-0191,IENT-1deffdf5d4e87a7560ea5cb6,Organization,CollectiveEntity,fallback_unresolved,,"[""D""]","[""same_name_multiple_source_types"", ""unresolved_entity_type:review_confidence_below_gate""]",True,1,9.0,52
ETV3-0192,IENT-538e6c4786ef1ebc9ad02e2a,Organization,CollectiveEntity,fallback_unresolved,,"[""D""]","[""same_name_multiple_source_types"", ""unresolved_entity_type:one_or_both_reviews_unknown""]",True,1,9.0,52
ETV3-0193,IENTREPAIR-d1fd7697b134ade4bbcbca22,Organization,CollectiveEntity,fallback_unresolved,,"[""D""]","[""same_name_multiple_source_types"", ""unresolved_entity_type:one_or_both_reviews_unknown""]",True,1,9.0,52
ETV3-0194,ITOPIC-d79c0c30cc16536a76b6ccc3,Organization,CollectiveEntity,fallback_unresolved,,"[""D""]","[""same_name_multiple_source_types"", ""unresolved_entity_type:one_or_both_reviews_unknown""]",True,1,9.0,52
ETV3-0195,ITOPIC-c67c2e7097f0f104c838d247,Organization,CollectiveEntity,fallback_unresolved,,"[""D""]","[""same_name_multiple_source_types"", ""unresolved_entity_type:review_type_disagreement""]",True,1,9.0,52
ETV3-0196,IENTREPAIR-6abd1f71072097a3e2c35e2a,Organization,CollectiveEntity,fallback_unresolved,,"[""D""]","[""same_name_multiple_source_types"", ""unresolved_entity_type:review_type_disagreement""]",True,1,9.0,52
ETV3-0197,IENT-f8918eabdaae374c42ebaf18,Organization,CollectiveEntity,fallback_unresolved,,"[""D""]","[""same_name_multiple_source_types"", ""unresolved_entity_type:review_type_disagreement""]",True,1,9.0,52
ETV3-0198,ITOPIC-1b97049236614538b5760439,Organization,CollectiveEntity,fallback_unresolved,,"[""D""]","[""same_name_multiple_source_types"", ""unresolved_entity_type:review_confidence_below_gate""]",True,1,9.0,52
ETV3-0199,ITOPIC-7bd0211a5bed4538e6d66f83,Organization,CollectiveEntity,fallback_unresolved,,"[""D""]","[""same_name_multiple_source_types"", ""unresolved_entity_type:review_confidence_below_gate""]",True,1,9.0,52
ETV3-0200,IENT-8daa559371b7a6c029efddbc,Organization,CollectiveEntity,fallback_unresolved,,"[""D""]","[""same_name_multiple_source_types"", ""unresolved_entity_type:review_confidence_below_gate""]",True,1,9.0,52
ETV3-0201,IENT-fb75c28bb3f499883eb0eb99,Organization,CollectiveEntity,fallback_unresolved,,"[""D""]","[""same_name_multiple_source_types"", ""unresolved_entity_type:review_confidence_below_gate""]",True,1,9.0,52
ETV3-0202,ITOPIC-73231c32fcf392aae0914d89,Organization,CollectiveEntity,fallback_unresolved,,"[""D""]","[""same_name_multiple_source_types"", ""unresolved_entity_type:one_or_both_reviews_unknown""]",True,1,9.0,52
ETV3-0203,IENT-430b639f486413a317da9a74,Organization,CollectiveEntity,fallback_unresolved,,"[""D""]","[""same_name_multiple_source_types"", ""unresolved_entity_type:one_or_both_reviews_unknown""]",True,1,9.0,52
ETV3-0204,ITOPIC-3ddbc870de9207827ceb6975,Organization,CollectiveEntity,fallback_unresolved,,"[""D""]","[""same_name_multiple_source_types"", ""unresolved_entity_type:one_or_both_reviews_unknown""]",True,1,9.0,52
ETV3-0205,IENT-42f5c2f3157e328074edc2c0,Organization,CollectiveEntity,fallback_unresolved,,"[""D""]","[""same_name_multiple_source_types"", ""unresolved_entity_type:review_confidence_below_gate""]",True,1,9.0,52
ETV3-0206,IENTREPAIR-14bbb455916a8b3470517115,Organization,CollectiveEntity,fallback_unresolved,,"[""D""]","[""identity_ambiguous:incomplete_military_designation"", ""same_name_multiple_source_types"", ""unresolved_entity_type:review_confidence_below_gate""]",True,1,9.0,52
ETV3-0207,IENT-23eda0cc54c101abe93878b5,Organization,CollectiveEntity,fallback_unresolved,,"[""D""]","[""same_name_multiple_source_types"", ""unresolved_entity_type:review_confidence_below_gate""]",True,1,9.0,52
ETV3-0208,ITOPIC-4706285b2dbef59f41bceec3,Organization,CollectiveEntity,fallback_unresolved,,"[""D""]","[""same_name_multiple_source_types"", ""unresolved_entity_type:review_type_disagreement""]",True,1,9.0,52
ETV3-0209,ITOPIC-c999713fbbec984c32d91534,Organization,CollectiveEntity,fallback_unresolved,,"[""D""]","[""same_name_multiple_source_types"", ""unresolved_entity_type:one_or_both_reviews_unknown""]",True,1,9.0,52
ETV3-0210,IENT-ad12cbb4b3566b72f946126b,Organization,CollectiveEntity,fallback_unresolved,,"[""D""]","[""same_name_multiple_source_types"", ""unresolved_entity_type:review_type_disagreement""]",True,1,9.0,52
ETV3-0211,IENT-bed05e7e8226044401e21585,Organization,CollectiveEntity,fallback_unresolved,,"[""D""]","[""same_name_multiple_source_types"", ""unresolved_entity_type:one_or_both_reviews_unknown""]",True,1,9.0,52
ETV3-0212,IENT-5339b22ae416dfff72051bad,Organization,CollectiveEntity,fallback_unresolved,,"[""D""]","[""same_name_multiple_source_types"", ""unresolved_entity_type:review_confidence_below_gate""]",True,1,9.0,52
ETV3-0213,IENTREPAIR-23b372849f407745fd156c9a,Organization,CollectiveEntity,fallback_unresolved,,"[""D""]","[""same_name_multiple_source_types"", ""unresolved_entity_type:review_confidence_below_gate""]",True,1,9.0,52
ETV3-0214,ITOPIC-3eb69d76b64c9977b4b07fd4,Organization,CollectiveEntity,fallback_unresolved,,"[""D""]","[""same_name_multiple_source_types"", ""unresolved_entity_type:one_or_both_reviews_unknown""]",True,1,9.0,52
ETV3-0215,IENT-6771a344b8aae5835f7e3bfc,Organization,CollectiveEntity,fallback_unresolved,,"[""D""]","[""same_name_multiple_source_types"", ""unresolved_entity_type:review_type_disagreement""]",True,2,9.0,52
ETV3-0216,ITOPIC-3a0968d885ff21048fe15abb,Organization,CollectiveEntity,fallback_unresolved,,"[""D""]","[""same_name_multiple_source_types"", ""unresolved_entity_type:one_or_both_reviews_unknown""]",True,1,9.0,52
ETV3-0217,IENT-5fc27cbec4a54ead02dddc4f,Organization,CollectiveEntity,fallback_unresolved,,"[""D""]","[""same_name_multiple_source_types"", ""unresolved_entity_type:one_or_both_reviews_unknown""]",True,1,9.0,52
ETV3-0218,IENT-cffe147462bd2e7434d4cff0,Person,Person,fallback_unresolved,,"[""D""]","[""lexical_source_type_conflict"", ""same_name_multiple_source_types"", ""unresolved_entity_type:review_type_disagreement""]",True,2,11.0,60
ETV3-0219,IENTREPAIR-e0545f33a30e2cbc15861246,Person,Person,fallback_unresolved,,"[""D""]","[""lexical_source_type_conflict"", ""same_name_multiple_source_types"", ""unresolved_entity_type:one_or_both_reviews_unknown""]",True,1,11.0,60
ETV3-0220,ITOPIC-7a948b078b0ea4182723c9c4,Person,Person,fallback_unresolved,,"[""D""]","[""lexical_source_type_conflict"", ""same_name_multiple_source_types"", ""unresolved_entity_type:one_or_both_reviews_unknown""]",True,1,11.0,60
ETV3-0221,ITOPIC-629ff22a8a5b671db98ee8e5,Person,Person,fallback_unresolved,,"[""D""]","[""lexical_source_type_conflict"", ""same_name_multiple_source_types"", ""unresolved_entity_type:one_or_both_reviews_unknown""]",True,1,11.0,60
ETV3-0222,ITOPIC-980e5b310fb77f2b37e39d6a,Person,Person,fallback_unresolved,,"[""D""]","[""lexical_source_type_conflict"", ""same_name_multiple_source_types"", ""unresolved_entity_type:one_or_both_reviews_unknown""]",True,1,11.0,60
ETV3-0223,ITOPIC-f378cb6313442c809c6ba482,Person,Person,fallback_unresolved,,"[""D""]","[""lexical_source_type_conflict"", ""same_name_multiple_source_types"", ""unresolved_entity_type:one_or_both_reviews_unknown""]",True,1,11.0,60
ETV3-0224,IENT-85221749030a3883989b185c,Person,Person,fallback_unresolved,,"[""D""]","[""lexical_source_type_conflict"", ""same_name_multiple_source_types"", ""unresolved_entity_type:review_type_disagreement""]",True,2,11.0,60
ETV3-0225,IENT-b8944b1664d518d144903bf5,Person,Person,fallback_unresolved,,"[""D""]","[""lexical_source_type_conflict"", ""same_name_multiple_source_types"", ""unresolved_entity_type:one_or_both_reviews_unknown""]",True,1,11.0,60
ETV3-0226,IENT-be7cf1c3312f888d64c8e6ee,Person,Person,fallback_unresolved,,"[""D""]","[""lexical_source_type_conflict"", ""same_name_multiple_source_types"", ""unresolved_entity_type:one_or_both_reviews_unknown""]",True,1,11.0,60
ETV3-0227,ITOPIC-5bd5a197b9a73e2b20ee357c,Person,Person,fallback_unresolved,,"[""D""]","[""lexical_source_type_conflict"", ""same_name_multiple_source_types"", ""unresolved_entity_type:review_type_disagreement""]",True,1,11.0,60
ETV3-0228,ITOPIC-ec867215042a6f86760a3da2,Person,Person,fallback_unresolved,,"[""D""]","[""lexical_source_type_conflict"", ""same_name_multiple_source_types"", ""unresolved_entity_type:review_type_disagreement""]",True,1,11.0,60
ETV3-0229,IENTREPAIR-0a51f3374d332b090aced44a,Person,Person,fallback_unresolved,,"[""D""]","[""lexical_source_type_conflict"", ""same_name_multiple_source_types"", ""unresolved_entity_type:review_confidence_below_gate""]",True,2,11.0,60
ETV3-0230,IENT-6228899bef131c06a139befb,Person,Person,fallback_unresolved,,"[""D""]","[""lexical_source_type_conflict"", ""same_name_multiple_source_types"", ""unresolved_entity_type:one_or_both_reviews_unknown""]",True,1,11.0,60
ETV3-0231,IENTREPAIR-001fbb18e386da9360ca2803,Person,Person,fallback_unresolved,,"[""D""]","[""lexical_source_type_conflict"", ""same_name_multiple_source_types"", ""unresolved_entity_type:one_or_both_reviews_unknown""]",True,1,11.0,60
ETV3-0232,ITOPIC-990f735338b53d8de15f0617,Person,Person,fallback_unresolved,,"[""D""]","[""lexical_source_type_conflict"", ""same_name_multiple_source_types"", ""unresolved_entity_type:one_or_both_reviews_unknown""]",True,1,11.0,60
ETV3-0233,ITOPIC-6199afe7734c2fe108e34b41,Person,Person,fallback_unresolved,,"[""D""]","[""lexical_source_type_conflict"", ""same_name_multiple_source_types"", ""unresolved_entity_type:review_confidence_below_gate""]",True,1,11.0,60
ETV3-0234,ITOPIC-48293c46f3b4d1553cf83c7e,Person,Person,fallback_unresolved,,"[""D""]","[""lexical_source_type_conflict"", ""same_name_multiple_source_types"", ""unresolved_entity_type:one_or_both_reviews_unknown""]",True,1,11.0,60
ETV3-0235,ITOPIC-05e49af140016307e9404034,Person,Person,fallback_unresolved,,"[""D""]","[""lexical_source_type_conflict"", ""same_name_multiple_source_types"", ""unresolved_entity_type:review_confidence_below_gate""]",True,1,11.0,60
ETV3-0236,ITOPIC-ad29f424c3fbad42bdecf235,Person,Person,fallback_unresolved,,"[""D""]","[""lexical_source_type_conflict"", ""same_name_multiple_source_types"", ""unresolved_entity_type:one_or_both_reviews_unknown""]",True,1,11.0,60
ETV3-0237,ITOPIC-bfd345496491dbf687f12dcb,Person,Person,fallback_unresolved,,"[""D""]","[""lexical_source_type_conflict"", ""same_name_multiple_source_types"", ""unresolved_entity_type:review_confidence_below_gate""]",True,1,11.0,60
ETV3-0238,ITOPIC-1fb7a56ba6d52b406f1d9b98,Person,Person,fallback_unresolved,,"[""D""]","[""lexical_source_type_conflict"", ""same_name_multiple_source_types"", ""unresolved_entity_type:one_or_both_reviews_unknown""]",True,1,11.0,60
ETV3-0239,ITOPIC-3a1ac0d35a7203c6cd90f0c4,Person,Person,fallback_unresolved,,"[""D""]","[""lexical_source_type_conflict"", ""same_name_multiple_source_types"", ""unresolved_entity_type:review_type_disagreement""]",True,1,11.0,60
ETV3-0240,ITOPIC-dbe6932c0091e9dc0a6e4bc5,Person,Person,fallback_unresolved,,"[""D""]","[""lexical_source_type_conflict"", ""same_name_multiple_source_types"", ""unresolved_entity_type:review_confidence_below_gate""]",True,1,11.0,60
ETV3-0241,ITOPIC-e3caf1586e48270f1ebcb633,Person,Person,fallback_unresolved,,"[""D""]","[""lexical_source_type_conflict"", ""same_name_multiple_source_types"", ""unresolved_entity_type:one_or_both_reviews_unknown""]",True,1,11.0,60
ETV3-0242,ITOPIC-63af3b3771d337b320122ad1,Person,Person,fallback_unresolved,,"[""D""]","[""lexical_source_type_conflict"", ""same_name_multiple_source_types"", ""unresolved_entity_type:one_or_both_reviews_unknown""]",True,1,11.0,60
ETV3-0243,ITOPIC-542ceab3ea9456f7d93ef7aa,Person,Person,fallback_unresolved,,"[""D""]","[""lexical_source_type_conflict"", ""model_unknown"", ""same_name_multiple_source_types"", ""unresolved_entity_type:prior_manual_review""]",True,1,11.0,60
ETV3-0244,IENT-2163a7f30a92f61e411ce06e,Person,Person,fallback_unresolved,,"[""D""]","[""lexical_source_type_conflict"", ""same_name_multiple_source_types"", ""unresolved_entity_type:one_or_both_reviews_unknown""]",True,2,11.0,60
ETV3-0245,IENT-e24580779194e309e8258f13,Person,Person,fallback_unresolved,,"[""D""]","[""lexical_source_type_conflict"", ""same_name_multiple_source_types"", ""unresolved_entity_type:review_confidence_below_gate""]",True,1,11.0,60
ETV3-0246,ITOPIC-be5a47914bfae98916eee8d5,Person,Person,fallback_unresolved,,"[""D""]","[""lexical_source_type_conflict"", ""same_name_multiple_source_types"", ""unresolved_entity_type:one_or_both_reviews_unknown""]",True,1,11.0,60
ETV3-0247,ITOPIC-0901856dbc94512db85691cc,Person,Person,fallback_unresolved,,"[""D""]","[""lexical_source_type_conflict"", ""same_name_multiple_source_types"", ""unresolved_entity_type:one_or_both_reviews_unknown""]",True,1,11.0,60
ETV3-0248,ITOPIC-f6f9f84584a86d6113be5013,Person,Person,fallback_unresolved,,"[""D""]","[""lexical_source_type_conflict"", ""same_name_multiple_source_types"", ""unresolved_entity_type:one_or_both_reviews_unknown""]",True,1,11.0,60
ETV3-0249,IENT-5c197d1670e35691c91731d7,Person,Person,fallback_unresolved,,"[""D""]","[""lexical_source_type_conflict"", ""same_name_multiple_source_types"", ""unresolved_entity_type:one_or_both_reviews_unknown""]",True,1,11.0,60
ETV3-0250,ITOPIC-142da526227c1ab958514183,Person,Person,fallback_unresolved,,"[""D""]","[""lexical_source_type_conflict"", ""same_name_multiple_source_types"", ""unresolved_entity_type:review_type_disagreement""]",True,1,11.0,60
ETV3-0251,IENT-ac0e38f76f7f8b392f623c94,Person,Person,fallback_unresolved,,"[""D""]","[""lexical_source_type_conflict"", ""same_name_multiple_source_types"", ""unresolved_entity_type:review_type_disagreement""]",True,1,11.0,60
ETV3-0252,ITOPIC-948fd3eba2029e10af9d8d0a,Person,Person,fallback_unresolved,,"[""D""]","[""same_name_multiple_source_types"", ""unresolved_entity_type:review_type_disagreement""]",True,1,9.0,60
ETV3-0253,IENTREPAIR-4fc739cbab121d315371d796,Person,Person,fallback_unresolved,,"[""D""]","[""same_name_multiple_source_types"", ""unresolved_entity_type:review_confidence_below_gate""]",True,1,9.0,60
ETV3-0254,IENT-364018f885acc992aad11a6d,Person,Person,fallback_unresolved,,"[""D""]","[""same_name_multiple_source_types"", ""unresolved_entity_type:review_confidence_below_gate""]",True,2,9.0,60
ETV3-0255,IENT-5c016c1eab0d527c4b609d07,Person,Person,fallback_unresolved,,"[""D""]","[""same_name_multiple_source_types"", ""unresolved_entity_type:one_or_both_reviews_unknown""]",True,1,9.0,60
ETV3-0256,IENT-5cd35186c47cf349ffe38fc8,Person,Person,fallback_unresolved,,"[""D""]","[""same_name_multiple_source_types"", ""unresolved_entity_type:one_or_both_reviews_unknown""]",True,2,9.0,60
ETV3-0257,IENT-a3469b2645e2175d9fe24a9a,Person,Person,fallback_unresolved,,"[""D""]","[""same_name_multiple_source_types"", ""unresolved_entity_type:one_or_both_reviews_unknown""]",True,1,9.0,60
ETV3-0258,ITOPIC-c0e2af82b3f1529eb0873894,Person,Person,fallback_unresolved,,"[""D""]","[""same_name_multiple_source_types"", ""unresolved_entity_type:review_confidence_below_gate""]",True,1,9.0,60
ETV3-0259,IENT-3ae16478d403e0855f2d8926,Person,Person,fallback_unresolved,,"[""D""]","[""same_name_multiple_source_types"", ""unresolved_entity_type:review_type_disagreement""]",True,1,9.0,60
ETV3-0260,IENT-072f956e8cf1ef67f6f0d2a5,Person,Person,fallback_unresolved,,"[""D""]","[""same_name_multiple_source_types"", ""unresolved_entity_type:review_confidence_below_gate""]",True,2,9.0,60
ETV3-0261,IENT-4ca765b5a7daf83273394e82,Person,Person,fallback_unresolved,,"[""D""]","[""same_name_multiple_source_types"", ""unresolved_entity_type:one_or_both_reviews_unknown""]",True,1,9.0,60
ETV3-0262,ITOPIC-b3f38d128acce9a191bccafe,Person,Person,fallback_unresolved,,"[""D""]","[""same_name_multiple_source_types"", ""unresolved_entity_type:one_or_both_reviews_unknown""]",True,2,9.0,60
ETV3-0263,ITOPIC-e6357c72cc6f811ddaa1585d,Person,Person,fallback_unresolved,,"[""D""]","[""same_name_multiple_source_types"", ""unresolved_entity_type:review_confidence_below_gate""]",True,1,9.0,60
ETV3-0264,IENT-cbee8971d7fdcf583815ac70,Person,Person,fallback_unresolved,,"[""D""]","[""same_name_multiple_source_types"", ""unresolved_entity_type:one_or_both_reviews_unknown""]",True,1,9.0,60
ETV3-0265,IENTREPAIR-155433497c09243f86b19172,Person,Person,fallback_unresolved,,"[""D""]","[""same_name_multiple_source_types"", ""unresolved_entity_type:review_type_disagreement""]",True,1,9.0,60
ETV3-0266,IENTREPAIR-b210e4c7a555b1780d604902,Person,Person,fallback_unresolved,,"[""D""]","[""same_name_multiple_source_types"", ""unresolved_entity_type:review_confidence_below_gate""]",True,1,9.0,60
ETV3-0267,IENTREPAIR-1f136cc63e3a76eaa04105d0,Person,Person,fallback_unresolved,,"[""D""]","[""same_name_multiple_source_types"", ""unresolved_entity_type:review_confidence_below_gate""]",True,1,9.0,60
ETV3-0268,IENT-9b438156fb7d80ce15cdf55a,Person,Person,fallback_unresolved,,"[""D""]","[""same_name_multiple_source_types"", ""unresolved_entity_type:review_confidence_below_gate""]",True,1,9.0,60
ETV3-0269,ITOPIC-3ae9859345eaac20d6b2f9c8,Person,Person,fallback_unresolved,,"[""D""]","[""same_name_multiple_source_types"", ""unresolved_entity_type:one_or_both_reviews_unknown""]",True,1,9.0,60
ETV3-0270,IENT-e9ae67f6b26786cc636263c1,Person,Person,fallback_unresolved,,"[""D""]","[""same_name_multiple_source_types"", ""unresolved_entity_type:one_or_both_reviews_unknown""]",True,1,9.0,60
ETV3-0271,IENT-117c7c7cd5eaa38dcbf263ac,Person,Person,fallback_unresolved,,"[""D""]","[""same_name_multiple_source_types"", ""unresolved_entity_type:review_confidence_below_gate""]",True,1,9.0,60
ETV3-0272,IENT-2084b6bd5885d629e5e2d2f9,Person,Person,fallback_unresolved,,"[""D""]","[""same_name_multiple_source_types"", ""unresolved_entity_type:one_or_both_reviews_unknown""]",True,1,9.0,60
ETV3-0273,IENT-f83fead7963df43871c6af8c,Person,Person,fallback_unresolved,,"[""D""]","[""same_name_multiple_source_types"", ""unresolved_entity_type:review_confidence_below_gate""]",True,3,9.0,60
ETV3-0274,IENT-4d1a161fbb374bf9d370e920,Person,Person,fallback_unresolved,,"[""D""]","[""same_name_multiple_source_types"", ""unresolved_entity_type:one_or_both_reviews_unknown""]",True,1,9.0,60
ETV3-0275,IENT-b8380d24e357f239fa343420,Person,Person,fallback_unresolved,,"[""D""]","[""same_name_multiple_source_types"", ""unresolved_entity_type:review_type_disagreement""]",True,2,9.0,60
ETV3-0276,IENT-47a3b9fdf4c2bcf38c0a7622,Person,Person,fallback_unresolved,,"[""D""]","[""same_name_multiple_source_types"", ""unresolved_entity_type:review_confidence_below_gate""]",True,1,9.0,60
ETV3-0277,ITOPIC-8e61c08d81abd83ecab3b9af,Person,Person,fallback_unresolved,,"[""D""]","[""same_name_multiple_source_types"", ""unresolved_entity_type:one_or_both_reviews_unknown""]",True,1,9.0,60
ETV3-0278,IENT-0e1f0c27d738ca70ec12b4ce,Place,SpatialEntity,fallback_unresolved,,"[""D""]","[""lexical_source_type_conflict"", ""same_name_multiple_source_types"", ""unresolved_entity_type:review_type_disagreement""]",True,1,11.0,55
ETV3-0279,ITOPIC-2b8547345e2ab3d50d13f652,Place,SpatialEntity,fallback_unresolved,,"[""D""]","[""lexical_source_type_conflict"", ""same_name_multiple_source_types"", ""unresolved_entity_type:one_or_both_reviews_unknown""]",True,1,11.0,55
ETV3-0280,IENT-26b2757c323f14b2247b31b7,Place,SpatialEntity,fallback_unresolved,,"[""D""]","[""lexical_source_type_conflict"", ""same_name_multiple_source_types"", ""unresolved_entity_type:one_or_both_reviews_unknown""]",True,2,11.0,55
ETV3-0281,ITOPIC-2e6c73de47872314cddce9cf,Place,SpatialEntity,fallback_unresolved,,"[""D""]","[""lexical_source_type_conflict"", ""same_name_multiple_source_types"", ""unresolved_entity_type:review_confidence_below_gate""]",True,1,11.0,55
ETV3-0282,ITOPIC-2cec865eee1813adbe0cd263,Place,SpatialEntity,fallback_unresolved,,"[""D""]","[""lexical_source_type_conflict"", ""same_name_multiple_source_types"", ""unresolved_entity_type:review_type_disagreement""]",True,1,11.0,55
ETV3-0283,ITOPIC-fd3547d9376151f7fc20f2ae,Place,SpatialEntity,fallback_unresolved,,"[""D""]","[""lexical_source_type_conflict"", ""same_name_multiple_source_types"", ""unresolved_entity_type:review_type_disagreement""]",True,1,11.0,55
ETV3-0284,ITOPIC-faa9e3876cb6e3c5bcfcfbed,Place,SpatialEntity,fallback_unresolved,,"[""D""]","[""lexical_source_type_conflict"", ""same_name_multiple_source_types"", ""unresolved_entity_type:review_confidence_below_gate""]",True,1,11.0,55
ETV3-0285,ITOPIC-97f5fb98fd7c2aa621bed875,Place,SpatialEntity,fallback_unresolved,,"[""D""]","[""lexical_source_type_conflict"", ""same_name_multiple_source_types"", ""unresolved_entity_type:one_or_both_reviews_unknown""]",True,1,11.0,55
ETV3-0286,ITOPIC-a9a033a71b13b2775caf64fb,Place,SpatialEntity,fallback_unresolved,,"[""D""]","[""lexical_source_type_conflict"", ""same_name_multiple_source_types"", ""unresolved_entity_type:review_confidence_below_gate""]",True,1,11.0,55
ETV3-0287,ITOPIC-2e78bb5500bde026dcdf07a6,Place,SpatialEntity,fallback_unresolved,,"[""D""]","[""lexical_source_type_conflict"", ""same_name_multiple_source_types"", ""unresolved_entity_type:review_confidence_below_gate""]",True,1,11.0,55
ETV3-0288,IENT-e1dd029c3efc6c16c25329cc,Place,SpatialEntity,fallback_unresolved,,"[""D""]","[""same_name_multiple_source_types"", ""unresolved_entity_type:one_or_both_reviews_unknown""]",True,2,9.0,55
ETV3-0289,IENT-54c6941d2337b6f5386dd2fa,Place,SpatialEntity,fallback_unresolved,,"[""D""]","[""same_name_multiple_source_types"", ""unresolved_entity_type:one_or_both_reviews_unknown""]",True,2,9.0,55
ETV3-0290,IENT-32e1e9b2af707e7130a26218,Place,SpatialEntity,fallback_unresolved,,"[""D""]","[""same_name_multiple_source_types"", ""unresolved_entity_type:one_or_both_reviews_unknown""]",True,2,9.0,55
ETV3-0291,IENT-7abae048db8a0ff98859e76c,Place,SpatialEntity,fallback_unresolved,,"[""D""]","[""same_name_multiple_source_types"", ""unresolved_entity_type:one_or_both_reviews_unknown""]",True,7,9.0,55
ETV3-0292,IENT-7e5ffc775fbbe07a7edeb050,Place,SpatialEntity,fallback_unresolved,,"[""D""]","[""same_name_multiple_source_types"", ""unresolved_entity_type:one_or_both_reviews_unknown""]",True,1,9.0,55
ETV3-0293,ITOPIC-69eb7f691a02e7d0bbafe640,Place,SpatialEntity,fallback_unresolved,,"[""D""]","[""same_name_multiple_source_types"", ""unresolved_entity_type:one_or_both_reviews_unknown""]",True,1,9.0,55
ETV3-0294,IENT-b2f35a59dad79c4b7412f31c,Place,SpatialEntity,fallback_unresolved,,"[""D""]","[""same_name_multiple_source_types"", ""unresolved_entity_type:review_confidence_below_gate""]",True,1,9.0,55
ETV3-0295,IENT-3ec908f73f9d61798c127ce0,Place,SpatialEntity,fallback_unresolved,,"[""D""]","[""same_name_multiple_source_types"", ""unresolved_entity_type:review_type_disagreement""]",True,2,9.0,55
ETV3-0296,IENT-0ea071db60cd55e73b3dbe01,Place,SpatialEntity,fallback_unresolved,,"[""D""]","[""same_name_multiple_source_types"", ""unresolved_entity_type:one_or_both_reviews_unknown""]",True,3,9.0,55
ETV3-0297,IENTREPAIR-c933698a843c52375961ce46,Place,SpatialEntity,fallback_unresolved,,"[""D""]","[""same_name_multiple_source_types"", ""unresolved_entity_type:one_or_both_reviews_unknown""]",True,1,9.0,55
ETV3-0298,ITOPIC-bc2ef288d8dc3a15000f28ff,Place,SpatialEntity,fallback_unresolved,,"[""D""]","[""same_name_multiple_source_types"", ""unresolved_entity_type:review_type_disagreement""]",True,1,9.0,55
ETV3-0299,ITOPIC-2b583913a6ccfef4dc7ee38c,Place,SpatialEntity,fallback_unresolved,,"[""D""]","[""same_name_multiple_source_types"", ""unresolved_entity_type:review_confidence_below_gate""]",True,1,9.0,55
ETV3-0300,IENT-9fa7152bee155d7245f69327,Place,SpatialEntity,fallback_unresolved,,"[""D""]","[""same_name_multiple_source_types"", ""unresolved_entity_type:one_or_both_reviews_unknown""]",True,1,9.0,55
ETV3-0301,IENTREPAIR-6411c2f8e5ecaf08da474e4c,Place,SpatialEntity,fallback_unresolved,,"[""D""]","[""same_name_multiple_source_types"", ""unresolved_entity_type:one_or_both_reviews_unknown""]",True,1,9.0,55
ETV3-0302,IENT-3ea69434991851c328b3a348,Place,SpatialEntity,fallback_unresolved,,"[""D""]","[""same_name_multiple_source_types"", ""unresolved_entity_type:one_or_both_reviews_unknown""]",True,2,9.0,55
ETV3-0303,IENT-e8a77135d8525630f2d879fe,Place,SpatialEntity,fallback_unresolved,,"[""D""]","[""same_name_multiple_source_types"", ""unresolved_entity_type:one_or_both_reviews_unknown""]",True,2,9.0,55
ETV3-0304,IENT-60eb27286ccd2d8c696d2061,Place,SpatialEntity,fallback_unresolved,,"[""D""]","[""same_name_multiple_source_types"", ""unresolved_entity_type:one_or_both_reviews_unknown""]",True,3,9.0,55
ETV3-0305,ITOPIC-9932356a98fba5cdfe793d6c,Place,SpatialEntity,fallback_unresolved,,"[""D""]","[""same_name_multiple_source_types"", ""unresolved_entity_type:review_confidence_below_gate""]",True,1,9.0,55
ETV3-0306,IENT-8e03190f3f69dc0a64e624ea,Place,SpatialEntity,fallback_unresolved,,"[""D""]","[""same_name_multiple_source_types"", ""unresolved_entity_type:one_or_both_reviews_unknown""]",True,2,9.0,55
ETV3-0307,IENTREPAIR-5651ebfb6531c9430bf98f38,Place,SpatialEntity,fallback_unresolved,,"[""D""]","[""same_name_multiple_source_types"", ""unresolved_entity_type:one_or_both_reviews_unknown""]",True,1,9.0,55
ETV3-0308,IENT-6f6f7dd38ea3b89b650a3e31,Place,SpatialEntity,fallback_unresolved,,"[""D""]","[""same_name_multiple_source_types"", ""unresolved_entity_type:one_or_both_reviews_unknown""]",True,1,9.0,55
ETV3-0309,IENT-96e6cd3cff80731d68fe933e,Place,SpatialEntity,fallback_unresolved,,"[""D""]","[""same_name_multiple_source_types"", ""unresolved_entity_type:one_or_both_reviews_unknown""]",True,3,9.0,55
ETV3-0310,IENT-b1f94c4b38d2267cc0b049d5,Place,SpatialEntity,fallback_unresolved,,"[""D""]","[""same_name_multiple_source_types"", ""unresolved_entity_type:one_or_both_reviews_unknown""]",True,1,9.0,55
ETV3-0311,ITOPIC-b90277bbc5348bc842a7744c,Place,SpatialEntity,fallback_unresolved,,"[""D""]","[""same_name_multiple_source_types"", ""unresolved_entity_type:review_type_disagreement""]",True,1,9.0,55
ETV3-0312,IENTREPAIR-3f8e1bab74bdbc24650d3511,Place,SpatialEntity,fallback_unresolved,,"[""D""]","[""same_name_multiple_source_types"", ""unresolved_entity_type:one_or_both_reviews_unknown""]",True,1,9.0,55
ETV3-0313,IENT-6df44cd39a0f2dbe94040952,Place,SpatialEntity,fallback_unresolved,,"[""D""]","[""same_name_multiple_source_types"", ""unresolved_entity_type:one_or_both_reviews_unknown""]",True,2,9.0,55
ETV3-0314,IENT-241798e6e797d98fc8f9f0b7,Place,SpatialEntity,fallback_unresolved,,"[""D""]","[""same_name_multiple_source_types"", ""unresolved_entity_type:one_or_both_reviews_unknown""]",True,1,9.0,55
ETV3-0315,IENTREPAIR-e81ec2297bb7212e85fd5ae9,Place,SpatialEntity,fallback_unresolved,,"[""D""]","[""same_name_multiple_source_types"", ""unresolved_entity_type:one_or_both_reviews_unknown""]",True,1,9.0,55
ETV3-0316,ITOPIC-e8cee6fb6248e582cb1c75a9,Place,SpatialEntity,fallback_unresolved,,"[""D""]","[""same_name_multiple_source_types"", ""unresolved_entity_type:one_or_both_reviews_unknown""]",True,1,9.0,55
ETV3-0317,IENT-c7a8c3c545495b663d1ed14b,Place,SpatialEntity,fallback_unresolved,,"[""D""]","[""same_name_multiple_source_types"", ""unresolved_entity_type:one_or_both_reviews_unknown""]",True,2,9.0,55
ETV3-0318,IENTREPAIR-98c9756f1bc41f7e6fe37f18,Place,SpatialEntity,fallback_unresolved,,"[""D""]","[""same_name_multiple_source_types"", ""unresolved_entity_type:one_or_both_reviews_unknown""]",True,1,9.0,55
ETV3-0319,IENT-c6d02537f9b76cc3118ad66d,Place,SpatialEntity,fallback_unresolved,,"[""D""]","[""same_name_multiple_source_types"", ""unresolved_entity_type:one_or_both_reviews_unknown""]",True,2,9.0,55
ETV3-0320,ITOPIC-a51bdbcbb15883a279c8e93f,Place,SpatialEntity,fallback_unresolved,,"[""D""]","[""same_name_multiple_source_types"", ""unresolved_entity_type:review_confidence_below_gate""]",True,1,9.0,55
ETV3-0321,IENT-95a4d0a55f521762a51597ee,Place,SpatialEntity,fallback_unresolved,,"[""D""]","[""same_name_multiple_source_types"", ""unresolved_entity_type:review_type_disagreement""]",True,1,9.0,55
ETV3-0322,IENT-3a124873baf44d4ebdab6300,Place,SpatialEntity,fallback_unresolved,,"[""D""]","[""same_name_multiple_source_types"", ""unresolved_entity_type:one_or_both_reviews_unknown""]",True,1,9.0,55
ETV3-0323,IENTREPAIR-539d34be56b23c0d0018f6d6,Place,SpatialEntity,fallback_unresolved,,"[""D""]","[""same_name_multiple_source_types"", ""unresolved_entity_type:one_or_both_reviews_unknown""]",True,1,9.0,55
ETV3-0324,IENTREPAIR-9cb194ec5d1ef89b194550fd,Place,SpatialEntity,fallback_unresolved,,"[""D""]","[""same_name_multiple_source_types"", ""unresolved_entity_type:one_or_both_reviews_unknown""]",True,1,9.0,55
ETV3-0325,IENT-9df3789b752651f4429c1006,Place,SpatialEntity,fallback_unresolved,,"[""D""]","[""same_name_multiple_source_types"", ""unresolved_entity_type:review_confidence_below_gate""]",True,1,9.0,55
ETV3-0326,ITOPIC-6fda61dbcc0200124e4f5697,Place,SpatialEntity,fallback_unresolved,,"[""D""]","[""same_name_multiple_source_types"", ""unresolved_entity_type:one_or_both_reviews_unknown""]",True,1,9.0,55
ETV3-0327,IENT-b62404a6e0487d0462902ab3,Place,SpatialEntity,fallback_unresolved,,"[""D""]","[""same_name_multiple_source_types"", ""unresolved_entity_type:one_or_both_reviews_unknown""]",True,1,9.0,55
ETV3-0328,IENT-31a4fd825e2443ad001c33e9,Place,SpatialEntity,fallback_unresolved,,"[""D""]","[""same_name_multiple_source_types"", ""unresolved_entity_type:review_confidence_below_gate""]",True,1,9.0,55
ETV3-0329,IENT-6f83aabc8d3b45e459b94d98,Place,SpatialEntity,fallback_unresolved,,"[""D""]","[""same_name_multiple_source_types"", ""unresolved_entity_type:one_or_both_reviews_unknown""]",True,2,9.0,55
ETV3-0330,IENT-2e0c07ebf8ad9d0d8aaf912b,Place,SpatialEntity,fallback_unresolved,,"[""D""]","[""same_name_multiple_source_types"", ""unresolved_entity_type:one_or_both_reviews_unknown""]",True,1,9.0,55
ETV3-0331,IENT-c4aed5fd0b3f17dbd8ba6ee0,Place,SpatialEntity,fallback_unresolved,,"[""D""]","[""same_name_multiple_source_types"", ""unresolved_entity_type:one_or_both_reviews_unknown""]",True,1,9.0,55
ETV3-0332,IENT-ac2a7bd8f789a67c19d5c633,Place,SpatialEntity,fallback_unresolved,,"[""D""]","[""same_name_multiple_source_types"", ""unresolved_entity_type:one_or_both_reviews_unknown""]",True,1,9.0,55
ETV3-0333,IENTREPAIR-e804ab1a47e08aec517663c2,Position,ConceptualEntity,fallback_unresolved,,"[""D""]","[""lexical_source_type_conflict"", ""same_name_multiple_source_types"", ""unresolved_entity_type:one_or_both_reviews_unknown""]",True,1,11.0,10
ETV3-0334,IENTREPAIR-ec62a29162aae4dd7f70f75e,Position,ConceptualEntity,fallback_unresolved,,"[""D""]","[""model_unknown"", ""same_name_multiple_source_types"", ""unresolved_entity_type:prior_manual_review""]",True,1,9.0,10
ETV3-0335,IENTREPAIR-3ed39576ebfcb5767d465bc1,Position,ConceptualEntity,validated,0.98,"[""B""]","[""compatible_subtype_name_collision"", ""same_name_multiple_source_types""]",True,1,3.0,10
ETV3-0336,IENTREPAIR-0b161c1043a07378d535b626,Position,ConceptualEntity,validated,0.98,"[""B""]","[""compatible_subtype_name_collision"", ""same_name_multiple_source_types""]",True,1,3.0,10
ETV3-0337,IENT-34cda8f94d349c2d4d9645e2,Position,ConceptualEntity,validated,0.98,"[""B""]","[""compatible_subtype_name_collision"", ""same_name_multiple_source_types""]",True,1,3.0,10
ETV3-0338,IENTREPAIR-67ab4eaae9b71d5ff1731936,Position,ConceptualEntity,validated,0.99,"[""A""]","[""lexical_source_type_conflict"", ""same_name_multiple_source_types"", ""strict_structure_confirms_source_type""]",False,1,3.0,10
ETV3-0339,IENTREPAIR-68f673a5e340dcedb5c82f1b,Position,ConceptualEntity,validated,0.98,"[""B""]","[""compatible_subtype_name_collision"", ""same_name_multiple_source_types""]",True,1,3.0,10
ETV3-0340,IENTREPAIR-4fd235a3c4ff1bbc4452d854,Position,ConceptualEntity,validated,0.98,"[""B""]","[""compatible_subtype_name_collision"", ""same_name_multiple_source_types""]",True,1,3.0,10
ETV3-0341,ITOPIC-c11ac4181ba0b57dde908585,Position,ConceptualEntity,validated,0.99,"[""A""]","[""lexical_source_type_conflict"", ""position_suffix_structure"", ""same_name_multiple_source_types""]",False,1,3.0,10
ETV3-0342,IENTREPAIR-a0f119cf9e9a9352ac4f5c41,Position,ConceptualEntity,validated,0.98,"[""B""]","[""compatible_subtype_name_collision"", ""same_name_multiple_source_types""]",True,1,3.0,10
ETV3-0343,IENT-34b0d3a18f447381ca80a968,SocialGroup,CollectiveEntity,validated,0.95,"[""B""]","[""same_name_multiple_source_types""]",True,1,3.0,10
ETV3-0344,IENT-766430cfce5a8f57dac8f4bc,SocialGroup,CollectiveEntity,validated,0.95,"[""B""]","[""same_name_multiple_source_types""]",True,13,3.0,10
ETV3-0345,IENT-d7df686e9486dfa7a3bb6478,SocialGroup,CollectiveEntity,validated,0.95,"[""B""]","[""same_name_multiple_source_types""]",True,1,3.0,10
ETV3-0346,IENT-e8ef4d86e4e4c207e661b73a,SocialGroup,CollectiveEntity,validated,0.95,"[""B""]","[""same_name_multiple_source_types""]",True,1,3.0,10
ETV3-0347,IENT-35a3c044784da4279c6f0e04,SocialGroup,CollectiveEntity,validated,0.95,"[""B""]","[""same_name_multiple_source_types""]",True,1,3.0,10
ETV3-0348,IENT-a1c3a851ca6ff2a7517b9d57,SocialGroup,CollectiveEntity,validated,0.95,"[""B""]","[""same_name_multiple_source_types""]",True,1,3.0,10
ETV3-0349,IENT-d4244a13f82da6c6cd05455d,SocialGroup,CollectiveEntity,validated,0.95,"[""B""]","[""same_name_multiple_source_types""]",True,2,3.0,10
ETV3-0350,IENT-b013d6a34d9cf99b5a269a47,SocialGroup,CollectiveEntity,validated,0.95,"[""B""]","[""same_name_multiple_source_types""]",True,1,3.0,10
ETV3-0351,IENT-f509fd5c41841ac007403647,SocialGroup,CollectiveEntity,validated,0.95,"[""B""]","[""same_name_multiple_source_types""]",True,3,3.0,10
ETV3-0352,IENT-f4891dc94b66f029a8300d11,SocialGroup,CollectiveEntity,validated,0.95,"[""B""]","[""same_name_multiple_source_types""]",True,1,3.0,10
ETV3-0353,IENT-fcabd57c0620accceb6adfbe,Spirit,ConceptualEntity,fallback_unresolved,,"[""D""]","[""lexical_source_type_conflict"", ""same_name_multiple_source_types"", ""unresolved_entity_type:one_or_both_reviews_unknown""]",True,2,11.0,10
ETV3-0354,IENT-83dff55b9b1fbea9428eb7ff,Spirit,ConceptualEntity,fallback_unresolved,,"[""D""]","[""lexical_source_type_conflict"", ""same_name_multiple_source_types"", ""unresolved_entity_type:review_type_disagreement""]",True,1,11.0,10
ETV3-0355,IENT-1e0ad147499d08dd7553225b,Spirit,ConceptualEntity,fallback_unresolved,,"[""D""]","[""lexical_source_type_conflict"", ""specialized_type_requires_context"", ""unresolved_entity_type:one_or_both_reviews_unknown""]",False,2,8.0,10
ETV3-0356,IENT-ce3c912ec8fe7c3cbf728c74,Spirit,ConceptualEntity,fallback_unresolved,,"[""D""]","[""lexical_source_type_conflict"", ""specialized_type_requires_context"", ""unresolved_entity_type:one_or_both_reviews_unknown""]",False,2,8.0,10
ETV3-0357,IENT-f6391317a927937072dc8221,Spirit,ConceptualEntity,fallback_unresolved,,"[""D""]","[""lexical_source_type_conflict"", ""specialized_type_requires_context"", ""unresolved_entity_type:one_or_both_reviews_unknown""]",False,2,8.0,10
ETV3-0358,IENTREPAIR-1a790a530836b9a88eb60e18,Spirit,ConceptualEntity,fallback_unresolved,,"[""D""]","[""lexical_source_type_conflict"", ""specialized_type_requires_context"", ""unresolved_entity_type:one_or_both_reviews_unknown""]",False,1,8.0,10
ETV3-0359,IENT-5bb1b7c2bb6cb11d8dd88d7e,Spirit,ConceptualEntity,fallback_unresolved,,"[""D""]","[""lexical_source_type_conflict"", ""specialized_type_requires_context"", ""unresolved_entity_type:review_type_disagreement""]",False,2,8.0,10
ETV3-0360,IENT-34c8663943a9fde00850a47d,Spirit,ConceptualEntity,fallback_unresolved,,"[""D""]","[""lexical_source_type_conflict"", ""specialized_type_requires_context"", ""unresolved_entity_type:one_or_both_reviews_unknown""]",False,2,8.0,10
ETV3-0361,IENT-a2da6f76d3e2aec3fd27ae66,Spirit,ConceptualEntity,fallback_unresolved,,"[""D""]","[""lexical_source_type_conflict"", ""specialized_type_requires_context"", ""unresolved_entity_type:specialized_cross_type_requires_topic_audit""]",False,2,8.0,10
ETV3-0362,IENT-ee70635f466a88af73655e56,Spirit,ConceptualEntity,fallback_unresolved,,"[""D""]","[""lexical_source_type_conflict"", ""specialized_type_requires_context"", ""unresolved_entity_type:review_confidence_below_gate""]",False,2,8.0,10
ETV3-0363,IENT-ddcc947c5bddcf3fc67c5693,TimePeriod,TimePeriod,fallback_unresolved,,"[""D""]","[""same_name_multiple_source_types"", ""unresolved_entity_type:one_or_both_reviews_unknown""]",True,1,9.0,10
ETV3-0364,IENT-64ee54a5b28a8fde1288c714,TimePeriod,TimePeriod,validated,0.95,"[""B""]","[""same_name_multiple_source_types""]",True,2,3.0,10
ETV3-0365,IENT-b775f7e70f12b0ba25f31d38,TimePeriod,TimePeriod,validated,0.92,"[""B""]",[],False,2,0.0,10
ETV3-0366,IENT-c5f4bb0776c2ba1d385c62ae,TimePeriod,TimePeriod,validated,0.92,"[""B""]",[],False,2,0.0,10
ETV3-0367,IENT-8032ca68e8257c795cc7a739,TimePeriod,TimePeriod,validated,0.92,"[""B""]",[],False,2,0.0,10
ETV3-0368,IENT-ef47b3116ac34918ac838929,TimePeriod,TimePeriod,validated,0.92,"[""B""]",[],False,2,0.0,10
ETV3-0369,IENT-f84f99c21576622b1dab90e2,TimePeriod,TimePeriod,validated,0.92,"[""B""]",[],False,2,0.0,10
ETV3-0370,IENT-7bf9591b8099a492f194c24d,TimePeriod,TimePeriod,validated,0.92,"[""B""]",[],False,2,0.0,10
ETV3-0371,IENT-0553615391fe0d242503ab9c,TimePeriod,TimePeriod,validated,0.92,"[""B""]",[],False,2,0.0,10
ETV3-0372,IENT-88fa76822005385331bf0f4d,TimePeriod,TimePeriod,validated,0.92,"[""B""]",[],False,2,0.0,10
ETV3-0373,ITOPIC-1c0c109a8a89a68f4c2d52a6,ValueFacet,ConceptualEntity,fallback_unresolved,,"[""D""]","[""lexical_source_type_conflict"", ""same_name_multiple_source_types"", ""unresolved_entity_type:review_confidence_below_gate""]",True,1,11.0,10
ETV3-0374,ITOPIC-e5346c9397d886b9d7b9f6f0,ValueFacet,ConceptualEntity,fallback_unresolved,,"[""D""]","[""lexical_source_type_conflict"", ""same_name_multiple_source_types"", ""unresolved_entity_type:review_confidence_below_gate""]",True,1,11.0,10
ETV3-0375,ITOPIC-96720476a8070231fc44ec97,ValueFacet,ConceptualEntity,fallback_unresolved,,"[""D""]","[""lexical_source_type_conflict"", ""same_name_multiple_source_types"", ""unresolved_entity_type:one_or_both_reviews_unknown""]",True,1,11.0,10
ETV3-0376,ITOPIC-0e7ca7f5c86b14353ee2ebe8,ValueFacet,ConceptualEntity,fallback_unresolved,,"[""D""]","[""lexical_source_type_conflict"", ""specialized_type_requires_context"", ""unresolved_entity_type:one_or_both_reviews_unknown""]",False,1,8.0,10
ETV3-0377,ITOPIC-f731eca093568b645ae61148,ValueFacet,ConceptualEntity,fallback_unresolved,,"[""D""]","[""lexical_source_type_conflict"", ""specialized_type_requires_context"", ""unresolved_entity_type:review_type_disagreement""]",False,1,8.0,10
ETV3-0378,ITOPIC-b999f2aa133608e9a2631bfc,ValueFacet,ConceptualEntity,fallback_unresolved,,"[""D""]","[""lexical_source_type_conflict"", ""specialized_type_requires_context"", ""unresolved_entity_type:review_confidence_below_gate""]",False,1,8.0,10
ETV3-0379,ITOPIC-1e07142fef86f4e13753b0e1,ValueFacet,ConceptualEntity,fallback_unresolved,,"[""D""]","[""lexical_source_type_conflict"", ""specialized_type_requires_context"", ""unresolved_entity_type:review_confidence_below_gate""]",False,1,8.0,10
ETV3-0380,ITOPIC-868403fc4580299c7a5e9277,ValueFacet,ConceptualEntity,fallback_unresolved,,"[""D""]","[""lexical_source_type_conflict"", ""specialized_type_requires_context"", ""unresolved_entity_type:review_confidence_below_gate""]",False,1,8.0,10
ETV3-0381,ITOPIC-d3cd8c628c700d599bb66de6,ValueFacet,ConceptualEntity,fallback_unresolved,,"[""D""]","[""lexical_source_type_conflict"", ""specialized_type_requires_context"", ""unresolved_entity_type:review_confidence_below_gate""]",False,1,8.0,10
ETV3-0382,ITOPIC-a5921c4e6ae103aca8f66150,ValueFacet,ConceptualEntity,validated,0.98,"[""B""]","[""compatible_subtype_name_collision"", ""same_name_multiple_source_types""]",True,1,3.0,10
