split,entity_id,canonical_name,weak_label,prediction,confidence,covered(conf>=0.5),correct
random,IENT-004f39d993e34ff06432e6b5,威远县地下党,Organization,Organization,0.464808,0,1
random,IENT-033d94b3cba8703e16a39094,张国兴,Person,Person,0.49484,0,1
random,IENT-03d803d068bd7d2fce23d163,支部建立,Organization,Organization,0.491425,0,1
random,IENT-04e7f34ec939cbe0f9e8ce9a,独四团,Organization,Organization,0.597008,1,1
random,IENT-0566c2defecb04d2e9ed82c0,中共中央南方局,Organization,Organization,0.393054,0,1
random,IENT-06aec7150dbf439d85d6181c,三元寨,Person,Person,0.279112,0,1
random,IENT-076d57181287ebe4af827541,镇安,Place,Place,0.702944,1,1
random,IENT-079a242ed4af1c854d552f76,接管盐江,Event,Place,0.351701,0,0
random,IENT-080e14066a4432b1533c1f93,五河,Place,Place,0.621832,1,1
random,IENT-0d27fb5723605a5ffa83fd3a,龙岗,Place,Person,0.330397,0,0
random,IENT-0f2a823afb2cb86b38b5da33,解放青海,Event,Person,0.370723,0,0
random,IENT-0f6d0c39d3a52d814e25e10e,王澄与姚力,Person,Person,0.495286,0,1
random,IENT-0f75f3d3a5c1659d95e9afe1,旧址,Institution,Person,0.330397,0,0
random,IENT-117c7c7cd5eaa38dcbf263ac,李开元,Person,Concept,0.441704,0,0
random,IENT-1180c4651679ea79a6d9b6f8,郎溪,Place,Person,0.444505,0,0
random,IENT-171d73a0887041ecc5f3b360,蜀都中学,Institution,Institution,0.912347,1,1
random,IENT-194410e112504ffeeb3756b3,维持交通站运转,Event,Event,0.383808,0,1
random,IENT-1a93d6f5337662d779f3f358,周老师,Person,Event,0.239701,0,0
random,IENT-1b57b4318de978656c295c33,南京中学生,Institution,Institution,0.588846,1,1
random,IENT-1fd64f97c13c2c39f7c31665,编委会,Organization,Event,0.403366,0,0
random,IENT-20cc8fbeae8aba35b814817b,解放军驻防,Organization,Event,0.332417,0,0
random,IENT-213a1d47a32d581e84eaa1ab,军事委员会政治部教导剧团,Organization,Document,0.339814,0,0
random,IENT-219734339cd05eed0ecb3652,缴获战车四门,Event,Organization,0.642641,1,0
random,IENT-237bbbb834d0db3e138d5c91,威宁游击团支部,Organization,Organization,0.472374,0,1
random,IENT-23f8b4f6c98fbd36035cee98,解放军主力,Organization,Event,0.285083,0,0
random,IENT-263f9720074a4bb04721147f,南菁中学学生,Institution,Institution,0.835661,1,1
random,IENT-26b2757c323f14b2247b31b7,《新华日报》自贡分销处,Document,Document,0.868529,1,1
random,IENT-270ae38bfb11c11dd39dd602,因孝,Place,Person,0.330397,0,0
random,IENT-2a918f37b7112134f20f4c72,红军书写的标语,Organization,Event,0.319521,0,0
random,IENT-2b9eec6c7cb453f8a08f911f,四川暴动行动大纲,Event,Event,0.270707,0,1
random,IENT-2e9d6719af1b238391dd771a,李欣,Person,Concept,0.706254,1,0
random,IENT-301645817f6b2aca5d61256e,涟东,Place,Person,0.330397,0,0
random,IENT-3017559d6175553fe71bbeb3,民建中学,Institution,Institution,0.903223,1,1
random,IENT-30391640f16e70e5d08c68a7,湖南安仁县,Place,Place,0.334067,0,1
random,IENT-3150b39b2944a01f306ae316,干部训练班,Event,Organization,0.476446,0,0
random,IENT-3325daee9eb2c62fe6acad0b,地下党的同志,Organization,Organization,0.231618,0,1
random,IENT-33883f9bed56b300ca5965f5,复兴场,Person,Event,0.239701,0,0
random,IENT-355190270afb0812384aa4bf,仁怀地下党组织建立,Organization,Organization,0.481133,0,1
random,IENT-35e4b535e09cc81651e6fd31,皖北党组织联络活动,Organization,Organization,0.361699,0,1
random,IENT-36a3bc117aec60e8aa92d145,红二十二师,Organization,Organization,0.576325,1,1
random,IENT-374b9170d80ab0ca12e85f4e,中国人民解放军第二野战军第五兵团,Organization,Organization,0.566835,1,1
random,IENT-39d6592f2988aa1208673b34,宣传队,Organization,Document,0.645466,1,0
random,IENT-3c0905800eea06bace0f8162,红军政治部布告,Organization,Document,0.391689,0,0
random,IENT-3c2ed5f07e509b81c0e4ed22,第五游击大队,Organization,Organization,0.597283,1,1
random,IENT-3d5a78201a0aa422dfc97fde,泸溪,Place,Person,0.330397,0,0
random,IENT-3f21e3700f11a60db402b283,杂货店帮工,Event,Event,0.332417,0,1
random,IENT-3f2fdf486b88494d5f507f53,皖南事变,Event,Event,0.343223,0,1
random,IENT-3f5404ca84fa315428b5f64d,长江流域,Place,Place,0.401821,0,1
random,IENT-43ea07b41d9a385de45ed25a,新知书店,Place,Document,0.346252,0,0
random,IENT-451a227bf06343845c197a9b,华宁,Place,Person,0.330397,0,0
random,IENT-45cef6cb79311407f54e61ab,军事行动手册,Event,Event,0.539934,1,1
random,IENT-4732764c1f09faa6b2737c74,冈家场,Place,Event,0.335949,0,0
random,IENT-484a1b9eda433c974c6973b9,茅盾,Person,Person,0.330397,0,1
random,IENT-486951f73afec372bed56557,宿松,Place,Place,0.330872,0,1
random,IENT-4a1fac046b8fea9e530bae1b,中共南昌特别支部,Organization,Organization,0.593652,1,1
random,IENT-4bceaa39628b9b4f94c18234,二营,Organization,Place,0.364629,0,0
random,IENT-4c05641cb6151daefd079077,观音山镇,Place,Place,0.723046,1,1
random,IENT-4d259cf872eeab32562b1487,龙凤乡,Place,Event,0.239701,0,0
random,IENT-4dbc8e0ebb2b3e5984075433,挺进队,Event,Event,0.239701,0,1
random,IENT-512153efa09837bbf071b58a,中共四川省军委,Organization,Organization,0.527836,1,1
random,IENT-52e72cdc83fe4a75a05fe5e7,红二军独立团,Organization,Organization,0.603738,1,1
random,IENT-53475831673ad2cc9230faa4,新屯游击队,Organization,Document,0.406315,0,0
random,IENT-550364890e3d3ecdf3f891a1,王屏藩,Person,Person,0.532068,1,1
random,IENT-55d311150fcad3da87f45a0a,湘西,Organization,Place,0.338525,0,0
random,IENT-563ae959fe30047240c207c4,新四军编制,Organization,Organization,0.492182,0,1
random,IENT-57cd718c60d7eecd1cea8d58,红军铜币,Organization,Event,0.293818,0,0
random,IENT-57fc01751058793373386001,吴先党,Person,Event,0.239701,0,0
random,IENT-58628151e9968a4ea8c7570f,吕梁,Person,Person,0.330397,0,1
random,IENT-59c15055fb04f38ea45c229c,红军公田,Organization,Person,0.281503,0,0
random,IENT-5a2f2764a62bfeae49d1592c,中共仁寿‘一、二、四区’党组织,Organization,Organization,0.525261,1,1
random,IENT-5d1430dbba8eb07ceda15af9,宏毅中学,Institution,Institution,0.962144,1,1
random,IENT-5f8c57457736da820409dca8,川、滇、黔边境,Place,Place,0.239918,0,1
random,IENT-658e5d9d6fa0c01de0dacd1b,缴获战利品,Event,Event,0.332417,0,1
random,IENT-68af4687c0d9fde353f88b2c,丰都县中支部,Organization,Organization,0.572822,1,1
random,IENT-696aad91c038624e6641b4c3,新四军出版物,Organization,Organization,0.442581,0,1
random,IENT-6d1c928db1c93bb31fde54f4,泥金,Place,Person,0.422554,0,0
random,IENT-6f847128e50c489abc28089f,红原,Place,Person,0.322816,0,0
random,IENT-76ebd8c57b4debda09c13abf,洪山烈士墓,Place,Person,0.350004,0,0
random,IENT-77f3d621b3041b8b4142ac91,番夷羗回 民族自由 解放萬歲!,Event,Event,0.313283,0,1
random,IENT-78368942c54d503835d86692,武大学生自治会活动,Institution,Document,0.38073,0,0
random,IENT-7c71cc61404368bae719f03d,西路军,Organization,Place,0.303826,0,0
random,IENT-7db94864fe9320dad39dd004,红军标语与壁画,Organization,Event,0.383808,0,0
random,IENT-7e0bc79c4336fe75cc75aa8f,抗战中学,Institution,Institution,0.962144,1,1
random,IENT-7fe8125d5e2deacb454ee0b3,上井冈山,Place,Place,0.509828,1,1
random,IENT-8109df9db72b07ca0a4a39ef,胡丹,Person,Person,0.330397,0,1
random,IENT-8290f535092077f38b3afbd1,八七会议精神,Event,ValueFacet,0.321384,0,0
random,IENT-840983dbb9b7bf40784c3d0c,接管县政府,Organization,Event,0.276035,0,0
random,IENT-845fae6a8c46bf4df7a3f593,中共仁寿县“一、二、四区”党组织,Organization,Organization,0.534934,1,1
random,IENT-87bde147cd2a1148ac74aa72,都昌县,Place,Place,0.32037,0,1
random,IENT-88ea7b32fe336a69dd645f81,十六团,Organization,Organization,0.405313,0,1
random,IENT-89bad9c0278ca2e367a1912c,中共九江地委,Organization,Organization,0.337538,0,1
random,IENT-8a0a223d0b90edd0873ac696,廖某,Person,Person,0.330397,0,1
random,IENT-8a65f1d84119a0ad38e0bf9e,大渡河护红军委员会布告,Organization,Event,0.307658,0,0
random,IENT-8cb3a3113685a90d8adea9ec,石坝乡,Place,Person,0.322885,0,0
random,IENT-925657a5dd8ecba741e9b03b,回民斗争招领,Event,Event,0.244774,0,1
random,IENT-936994060f79f5e203540ad6,海东区,Place,Place,0.578848,1,1
random,IENT-93fed933b27e98fc9d56d83c,冯蔡仁,Person,Concept,0.297655,0,0
random,IENT-950c0d816bde953a8260ac0f,报告,Document,Person,0.330397,0,0
random,IENT-9531d044e243cdaa37cfdb51,建华中学,Institution,Institution,0.962144,1,1
random,IENT-97b792c32c3aa805573c8cc8,曾山,Place,Place,0.686811,1,1
random,IENT-998aa2c5ad574834f9433cf3,革命烈士,Person,Person,0.540519,1,1
random,IENT-99e6f0b8bf22548ab8c08370,昭通中学,Institution,Institution,0.930134,1,1
random,IENT-9e9e225b4e8f3ede26327170,遂安,Place,Place,0.44693,0,1
random,IENT-9f8d37424ecc9855938254ce,郭桥乡,Place,Event,0.239701,0,0
random,IENT-a0bad212ecf8f20b314640fd,莲华学校,Institution,Institution,0.848105,1,1
random,IENT-a4dd88bcfec0894295300cc3,都县县委,Organization,Organization,0.22422,0,1
random,IENT-a7add8df0b38abbf5556696a,送郎当红军,Organization,Person,0.370006,0,0
random,IENT-a8b3d1937cab031e08b07578,赣江,Place,Place,0.572034,1,1
random,IENT-aa049c3b23a44526770984fe,乐平县,Place,Person,0.266381,0,0
random,IENT-aaa043e70409770bd1627f8a,学委会,Organization,Institution,0.471222,0,0
random,IENT-ab9d0a448406b57e7bdeadd9,独立营,Organization,Organization,0.305395,0,1
random,IENT-acc2faf7082c7e2cda4c28a9,张伯伦,Person,Event,0.239701,0,0
random,IENT-ad929fc463dec420b6099153,中共兴仁地委,Organization,Organization,0.353858,0,1
random,IENT-b190a206743e545844c724b6,抗日救亡,Event,Concept,0.670216,1,0
random,IENT-b436ccea9d9611de37d12b3d,湘赣特委,Organization,Event,0.293818,0,0
random,IENT-b5d1a58a8f855fc3f581a848,罢工游行组织,Event,Event,0.711509,1,1
random,IENT-bb470013d81b282af9d35da2,行动队,Event,Event,0.466104,0,1
random,IENT-bbc6a27c9c175ffd17089ff9,昭通女中,Place,Institution,0.224896,0,0
random,IENT-bc67b28c3bcabae3e3ab707b,武穴,Place,Place,0.333219,0,1
random,IENT-bd0ad85141d2b03a8dd75f16,毕节中学,Institution,Institution,0.962144,1,1
random,IENT-bdb7a764af874b15aa484000,黔、大、毕根据地,Place,Organization,0.218595,0,0
random,IENT-becf8a18cc5624691e913a72,杜交,Person,Person,0.330397,0,1
random,IENT-bfac567d2c934b55ca2bc33a,宜兴山区运输线,Place,Place,0.511973,1,1
random,IENT-c16d93483aebcaca3119e75b,李光,Person,Concept,0.389575,0,0
random,IENT-c32a8fa28d8cecfe7a9377df,立三路线,Event,Organization,0.562974,1,0
random,IENT-c3e44b01aae66a569eea608a,盐东县独立团,Organization,Organization,0.439859,0,1
random,IENT-c41c5421d5f8f30e14f99440,衡山县,Place,Place,0.58362,1,1
random,IENT-c42ba6f9e7d2531b23100b18,湘赣,Person,Person,0.330397,0,1
random,IENT-c58b4523dc92dbbc2eed9d7b,罗平中学,Institution,Institution,0.878259,1,1
random,IENT-c80c17e211ab0bcdcbda82e0,南京党组织,Organization,Place,0.374183,0,0
random,IENT-c96836c29266cbe77253df46,肃反四大约法,Event,Organization,0.474362,0,0
random,IENT-c968ee8ba53f3a6c1a8975d9,战役部署,Event,Organization,0.468155,0,0
random,IENT-ca438d8fdbe7ad532923259a,李健,Person,Concept,0.414373,0,0
random,IENT-cad6a8ded36998dcc8c2bad6,悦来镇,Place,Place,0.636875,1,1
random,IENT-ce1ac8475221d225a2087348,工委机关,Organization,Event,0.293818,0,0
random,IENT-cf714acc94c0c6563404e116,保七团,Organization,Place,0.219424,0,0
random,IENT-d0c412dddfdd667f33b687df,湘赣省,Place,Place,0.276383,0,1
random,IENT-d102d6171129c191dc8b3117,红军医院,Organization,Event,0.293818,0,0
random,IENT-d28ebf5da8488a4841d8630e,红军信件,Organization,Event,0.237953,0,0
random,IENT-d3776800673baa5a785889d0,六二四球队,Organization,Organization,0.708091,1,1
random,IENT-d5f629918307bac59d0cb6a0,工农革命军第一团,Organization,Organization,0.382873,0,1
random,IENT-df95a88b2a669db89c063a65,乌鸦歌咏队,Organization,Event,0.407833,0,0
random,IENT-e3bc5305b83e61ea3bccf54f,临武,Place,Place,0.282877,0,1
random,IENT-e41906782df14332b7f8eb26,中共红原县委员会党史资料征集小组办公室,Organization,Organization,0.620079,1,1
random,IENT-e5a83d45dfd452b9ecc95c3f,苏北,Place,Place,0.521999,1,1
random,IENT-e90ab10b1156b94269244b13,王维,Person,Person,0.566706,1,1
random,IENT-e9544486b358b2613b29c32f,六届七中全会,Event,Organization,0.429746,0,0
random,IENT-e9b10be0dc18135b8fd38d69,七师,Organization,Person,0.330397,0,0
random,IENT-eb211fedb7ee4f37c4440bd3,中共徐海蚌特委第一次成立,Organization,Organization,0.462516,0,1
random,IENT-edccd501dc8678d474d74d68,组织报告,Document,Event,0.293818,0,0
random,IENT-f0e19e321152523131ebdbcc,五河县,Place,Place,0.450161,0,1
random,IENT-f3728369ca4cc9cdc9ab3f3b,红军购买物品铜元,Organization,Event,0.27988,0,0
random,IENT-f3e58cb586ab577162a815ab,西站汽车运输公司,Place,Organization,0.418105,0,0
random,IENT-f412961606696c250273ace3,中共中央书记处电报,Organization,Organization,0.606122,1,1
random,IENT-f6c5e0666e3fa061298b02a9,特委任务讨论,Organization,Event,0.35964,0,0
random,IENT-f7825d0009b4229542191267,江西工委,Organization,Place,0.489703,0,0
random,IENT-f8b400dd2e4585882742ae51,支部工作材料,Organization,Organization,0.480997,0,1
random,IENT-fa897777c3f9f20c48f8d743,二二三团,Organization,Organization,0.536687,1,1
random,IENT-fb75c28bb3f499883eb0eb99,红军纪律歌,Organization,Event,0.362687,0,0
random,IENT-fc7f971b9c4b64ec83287371,红军歌曲,Organization,Event,0.424673,0,0
random,IENT-fcd47dbb44ee15fbf882edb0,杨珍凤,Person,Event,0.239701,0,0
random,IENT-fdc832c2d140506963a1fad4,贵阳军分区,Place,Place,0.315287,0,1
random,IENT-fe8f4aab491299606d885cd1,东安,Place,Place,0.44693,0,1
random,IENT-ff2ad392753a5550bdd99c5d,仁怀地下党组织建立,Organization,Organization,0.481133,0,1
random,IENTREPAIR-00268daa0cf8d306a9ebbcf4,警八旅,Person,Organization,0.424549,0,0
random,IENTREPAIR-044e879bfe9854546f6d1989,慈化特别支部,Organization,Organization,0.453581,0,1
random,IENTREPAIR-09183ffa7d1a1f3648d7c935,冯家埭战斗,Event,Event,0.460914,0,1
random,IENTREPAIR-095264ffe81368cf88e0cf8e,解放军,Organization,Event,0.239701,0,0
random,IENTREPAIR-0cfa4d244e97576713a92ea9,农民,Person,Person,0.558816,1,1
random,IENTREPAIR-17f76fe0235040f0e106bcf4,日伪,Concept,Concept,0.547111,1,1
random,IENTREPAIR-1e590d4a5a23d85bcc7f5e1f,夏征工作,Event,Document,0.237359,0,0
random,IENTREPAIR-288fa931c1ad618b647beef6,胡家咀特别支部,Organization,Organization,0.48495,0,1
random,IENTREPAIR-2a795242ee7d1506fd42de04,红九军,Organization,Event,0.239701,0,0
random,IENTREPAIR-388d641385b3064cb7240150,地主,Concept,Person,0.274433,0,0
random,IENTREPAIR-3f8eba99b68e6d653cffa49e,中共中央分局,Organization,Organization,0.429671,0,1
random,IENTREPAIR-46b03e2020f0f919b9a44b88,抢修铁路,Event,Event,0.293818,0,1
random,IENTREPAIR-50ca90bdb00e3565b9375a72,工人,Person,Person,0.628626,1,1
random,IENTREPAIR-608b9bd1e9e4f30b9d1807f2,干警,Person,Person,0.330397,0,1
random,IENTREPAIR-660ada689837f336b94e713e,十七团,Organization,Organization,0.405313,0,1
random,IENTREPAIR-77af74eb73f9dcf42b07cbad,征收营业税,Event,Event,0.332417,0,1
random,IENTREPAIR-83443b32a9daaf3ea0a7200c,福泉,Place,Place,0.300211,0,1
random,IENTREPAIR-924d0df2fb25991a202fc712,四川地下党组织,Organization,Organization,0.496201,0,1
random,IENTREPAIR-9b47e642fa33b9b0ea0d9eb1,解放军151团,Organization,Organization,0.476208,0,1
random,IENTREPAIR-a53fc5479932aa1551c03f28,部队整编,Organization,Organization,0.423288,0,1
random,IENTREPAIR-b2ced6b3db6fe1781ead23ed,接管县政府,Organization,Event,0.276035,0,0
random,IENTREPAIR-b40ded7f9bc92ea812e39a22,丰利,Place,Person,0.330397,0,0
random,IENTREPAIR-ca1bda5d9615496732b23f27,红一团,Organization,Person,0.265088,0,0
random,IENTREPAIR-e0a8c7d34754c24928f1ce64,武装斗争,Event,Event,0.208954,0,1
random,IENTREPAIR-e3ef11f336ac1baebabe3ded,十七团,Organization,Organization,0.405313,0,1
random,IENTREPAIR-f6cf14c714b4dae5f2c68097,解放军51师,Organization,Organization,0.475893,0,1
random,IENTREPAIR-fc5a73dce4c3cc80ee76280c,陈寿山,Person,Place,0.600447,1,0
random,IENTREPAIR-fdba6e81841424c62ecabed6,公安机关,Person,Place,0.289153,0,0
random,ITOPIC-09be1bc139206304c312ac86,工人群众,Person,ValueFacet,0.383929,0,0
random,ITOPIC-0c194dc0a13bd7e14dcc1c13,报告,Document,Person,0.330397,0,0
random,ITOPIC-0cf81e9c48d06d7333534f32,贫苦农民,Person,Person,0.344199,0,1
random,ITOPIC-150b29913b038c220becf430,中共益阳县委,Organization,Organization,0.586456,1,1
random,ITOPIC-215c43194eb75200bab6eaf7,中国人民解放军第一野战军十八兵团六十二军一八六师,Organization,Organization,0.528002,1,1
random,ITOPIC-2298e2b717934142e7503228,红军游击队,Organization,Event,0.332417,0,0
random,ITOPIC-22dcf2cc0fc6d866ba2e80e0,赣县赤色游击队,Organization,Event,0.383808,0,0
random,ITOPIC-23a9349e37ef878a08a2a2fe,大明厂工会成立事件,Event,Event,0.290716,0,1
random,ITOPIC-2bd873e4779b5c554b153e90,决议案,Document,Event,0.239701,0,0
random,ITOPIC-36d4d6e98cdff1ea257976f4,潼南书店,Place,Place,0.304582,0,1
random,ITOPIC-428fcb6d2942c8b660b941b9,解放军步兵第一四零师,Organization,Organization,0.693354,1,1
random,ITOPIC-45e3d08ef7167b399958490e,起义军宣言,Document,Document,0.69134,1,1
random,ITOPIC-47fc73b47c6e63dc8d1721de,工委机关,Organization,Event,0.293818,0,0
random,ITOPIC-5ea9994c28dbf7c725f70802,地下党办事机关,Organization,Organization,0.351892,0,1
random,ITOPIC-5ef617308411473cee5c52e2,红军过境事件,Event,Event,0.562161,1,1
random,ITOPIC-61211c1b1348d668ef93c08e,红独立六团,Organization,Organization,0.404134,0,1
random,ITOPIC-654e863bcdc062f3dd9e6833,川陕苏维埃政府工农银行布币,Organization,Event,0.315683,0,0
random,ITOPIC-6b6f0b380d1d4b3be8b748b8,各区委/特支/支部,Organization,Organization,0.443126,0,1
random,ITOPIC-6c78e96d1cef660e6923568d,时代评论,Document,Person,0.247484,0,0
random,ITOPIC-6f1c0233dc6ace538a3ca687,妇女,Person,Person,0.251108,0,1
random,ITOPIC-71e22188be87a448255ecef0,白色红军据点,Organization,Person,0.230137,0,0
random,ITOPIC-759bb52a18716ab45a54d50b,建立中共龙洲师范支部,Organization,Organization,0.678057,1,1
random,ITOPIC-7c4abc2c6de8c7ae92b49481,革命传统,Event,Event,0.293818,0,1
random,ITOPIC-8aa70e32bf34f5299d84fc42,李健,Person,Concept,0.414373,0,0
random,ITOPIC-9128eaf19c17771398c82c7a,万宝山惨案,Event,Place,0.486617,0,0
random,ITOPIC-985899fd2b059de40747fc64,湖北省职工运动决议案,Document,Organization,0.393817,0,0
random,ITOPIC-9b83c4dc409c8b0485db56ca,江川人民,Person,ValueFacet,0.350454,0,0
random,ITOPIC-a1e30ed4e4f4cc6330ee9423,威远县地下党,Organization,Organization,0.464808,0,1
random,ITOPIC-a37a84a41ea3e3e01f90f846,赣榆独立团,Organization,Organization,0.423536,0,1
random,ITOPIC-a4e64b4eb458be28e0a75951,遵义会议决议,Document,Event,0.500054,1,0
random,ITOPIC-a6cff246d6c534e7d7dfed4e,投奔红军,Organization,Event,0.293818,0,0
random,ITOPIC-acae6341630972a1d5f4e822,为建立川黔边根据地军事行动的决定,Document,Event,0.292198,0,0
random,ITOPIC-b1be2de5a0cc4ba4d75f4ba3,公安第二十一师,Organization,Organization,0.418441,0,1
random,ITOPIC-b78dc24e07cbbb82cd91ae4e,县政府初期行政區劃沿革表(一),Organization,Document,0.325889,0,0
random,ITOPIC-b8a7d05c9be83cd60938857e,红军长征经红原县路线图,Organization,Document,0.323494,0,0
random,ITOPIC-bd248eea3909ad6c13317a57,红军谷田,Organization,Place,0.283827,0,0
random,ITOPIC-bff25b845dab50b6c82e1461,同仁会,Organization,Place,0.181866,0,0
random,ITOPIC-c2e2c076ebe2b2af0df5e547,52团二营,Organization,Organization,0.548101,1,1
random,ITOPIC-c8d2f2a1c760cd0814e92fd8,区委会,Organization,Event,0.285482,0,0
random,ITOPIC-d02f43496b5228abe7fa0841,毛主席的长征马,Document,Organization,0.287454,0,0
random,ITOPIC-dbc25ceeb28be55b3b36c916,土地革命,Event,Place,0.261918,0,0
random,ITOPIC-dc2ce7944661827252dd14e0,夜袭十八师,Organization,Organization,0.545384,1,1
random,ITOPIC-dd81ef6e1e535ff45426c811,《新华日报》书报部,Document,Document,0.754279,1,1
random,ITOPIC-e36a3f055f647426f546197a,红军壁画保护行动,Event,Event,0.456961,0,1
random,ITOPIC-e3991b4622877d1187a18f74,抗日,Event,Concept,0.52514,1,0
random,ITOPIC-e7263f48d5700fa7cd7ae3ef,侦察连,Person,Event,0.239701,0,0
random,ITOPIC-f377cb964cf01e77f37c4650,老干部,Person,Organization,0.42812,0,0
random,ITOPIC-f80421ee0bf7550000cb7272,贵州省委土改复查工作,Event,Organization,0.322642,0,0
random,ITOPIC-fd1883ed3cd384a2b1c29c3c,区乡农民协会印章,Organization,Event,0.310165,0,0
random,ITOPIC-fe2fb67ebb2256e8c93bc3a7,牧声月刊,Document,Document,0.432469,0,1
book_grouped,IENT-033d94b3cba8703e16a39094,张国兴,Person,Person,0.452607,0,1
book_grouped,IENT-03f031c7fbd47da97c2855b3,宜昌特支,Organization,Event,0.310781,0,0
book_grouped,IENT-04e7f34ec939cbe0f9e8ce9a,独四团,Organization,Organization,0.478321,0,1
book_grouped,IENT-065c87420792d9411c81bdec,中共赣南工委,Organization,Organization,0.450255,0,1
book_grouped,IENT-079a242ed4af1c854d552f76,接管盐江,Event,Place,0.379158,0,0
book_grouped,IENT-0ee0137c1c7a855e4da3daa1,明天合唱团,Event,Person,0.328769,0,0
book_grouped,IENT-0f75f3d3a5c1659d95e9afe1,旧址,Institution,Person,0.318422,0,0
book_grouped,IENT-19b036f308a2c816d47beef3,红军井,Organization,Place,0.295813,0,0
book_grouped,IENT-1f097a9fa1d6ea07099dcb23,红二、六军,Organization,Organization,0.49578,0,1
book_grouped,IENT-20cc8fbeae8aba35b814817b,解放军驻防,Organization,Event,0.368952,0,0
book_grouped,IENT-23266a792c064fc01c052953,迎接红军入遵义,Organization,Event,0.422889,0,0
book_grouped,IENT-23f8b4f6c98fbd36035cee98,解放军主力,Organization,Concept,0.214267,0,0
book_grouped,IENT-25811301c6677f44ca13404a,抗暴宣言,Document,Document,0.629967,1,1
book_grouped,IENT-26b2757c323f14b2247b31b7,《新华日报》自贡分销处,Document,Document,0.857534,1,1
book_grouped,IENT-2ad824c9634b98f1608989d5,护理新四军伤员,Organization,Organization,0.458479,0,1
book_grouped,IENT-2c003e708297f083f36cff43,土改试点与民主人士配合,Event,Event,0.21198,0,1
book_grouped,IENT-30238ce16c4b16ad0c99d35c,红军三十四师活动,Organization,Organization,0.600538,1,1
book_grouped,IENT-315e52fd8170dc7baf80a9aa,解放军四十五师,Organization,Organization,0.580435,1,1
book_grouped,IENT-344e25f8cc53174db325f454,暴动自卫队,Event,Event,0.368952,0,1
book_grouped,IENT-355fe6d8669a7a226ae9b653,开展统战后勤,Event,Event,0.415196,0,1
book_grouped,IENT-35e258204e3833b3b98cb138,红军纪律,Organization,Event,0.310781,0,0
book_grouped,IENT-35e4b535e09cc81651e6fd31,皖北党组织联络活动,Organization,Document,0.308291,0,0
book_grouped,IENT-3b04c21f97fef4a325eb6127,澧县-汉寿-安乡-新洲等地,Place,Document,0.366175,0,0
book_grouped,IENT-3be8c889346f09ceab8169de,红军足迹,Organization,Event,0.310781,0,0
book_grouped,IENT-3bec3e000d5ec8594496b672,启东区,Place,Place,0.523693,1,1
book_grouped,IENT-3cc212a3e6d7e9bf04f63a44,农协会员统计,Organization,Event,0.494371,0,0
book_grouped,IENT-43f9a46ff4b063b53b94140a,严正等中共地下党员,Organization,Organization,0.478062,0,1
book_grouped,IENT-45cef6cb79311407f54e61ab,军事行动手册,Event,Event,0.63693,1,1
book_grouped,IENT-47cfde0abda48821c6823d69,毛泽东军事思想,Person,Event,0.509932,1,0
book_grouped,IENT-47e396c39a2c36c891d99aa1,仁寿一、二、四区党组织,Organization,Organization,0.583653,1,1
book_grouped,IENT-486cd09148659f97d5d6f2ad,川滇黔省革命委员会旧址陈列馆,Institution,Document,0.350236,0,0
book_grouped,IENT-48c6392405d6c72003235f09,《幻灭》,Event,Document,0.484745,0,0
book_grouped,IENT-4a9bdebd5cb090cef78e4e62,行军开会传达报告,Document,Event,0.718748,1,0
book_grouped,IENT-528212191dddd8a20bf357c3,地下党供给线,Organization,Organization,0.41931,0,1
book_grouped,IENT-538e6c4786ef1ebc9ad02e2a,工农红军过道州,Organization,Event,0.38723,0,0
book_grouped,IENT-54079eaea067e5213cfb5ace,红七军第四连,Organization,Organization,0.524752,1,1
book_grouped,IENT-54baef02d23cdc8098cd5e7e,中共徐海蚌特委第一次成立,Organization,Organization,0.527146,1,1
book_grouped,IENT-54ce84270763eb91c88efac1,青岩-高坡公路,Place,Person,0.274004,0,0
book_grouped,IENT-55451b782cc82592b6afeafc,刘明山,Place,Place,0.460809,0,1
book_grouped,IENT-561f9c4a8b32d3035b1afdc0,新干支部,Organization,Organization,0.332297,0,1
book_grouped,IENT-563ae959fe30047240c207c4,新四军编制,Organization,Organization,0.445222,0,1
book_grouped,IENT-56733c6cbd63361663d3ae67,曾江,Person,Place,0.604429,1,0
book_grouped,IENT-5689421bcebb5d4af6857f30,涡阳县委,Organization,Event,0.310781,0,0
book_grouped,IENT-57cd718c60d7eecd1cea8d58,红军铜币,Organization,Event,0.310781,0,0
book_grouped,IENT-57fc01751058793373386001,吴先党,Person,Event,0.238569,0,0
book_grouped,IENT-5a2f2764a62bfeae49d1592c,中共仁寿‘一、二、四区’党组织,Organization,Organization,0.590019,1,1
book_grouped,IENT-5bf078fd84b627a5c19f0f28,红军歌谣选,Organization,Event,0.305858,0,0
book_grouped,IENT-5d5685bb28456494e1525f68,列宁学校读本,Institution,Institution,0.76697,1,1
book_grouped,IENT-5eaada87a28d342e2f96ee4c,崇仁县,Place,Person,0.28305,0,0
book_grouped,IENT-63f778a06b7f44e483c0de96,红军过长田,Organization,Person,0.253728,0,0
book_grouped,IENT-644f4891755a82abf189d491,中共渠达营工委,Organization,Organization,0.604923,1,1
book_grouped,IENT-647327e4b9e23ff82f236d29,十七团,Organization,Organization,0.397543,0,1
book_grouped,IENT-6528f30cc2a8ba5b23afcf8a,归阳支部,Organization,Organization,0.504441,1,1
book_grouped,IENT-68270b8be6f96c38fa9423dc,四十八军,Organization,Organization,0.612089,1,1
book_grouped,IENT-6a0d05d4ad24342be9846de2,中国共产党铜梁地方党史,Organization,Organization,0.558819,1,1
book_grouped,IENT-6d9fce629a20084117b07d83,斗争歌谣,Event,Event,0.273693,0,1
book_grouped,IENT-6e12b1507334b9b98065f427,《新华日报》上海出版工作,Document,Document,0.724191,1,1
book_grouped,IENT-720044350cea77eb6959c1f5,中国共产党十大政纲,Organization,Organization,0.537356,1,1
book_grouped,IENT-76db971719def76b336b109f,红被,Organization,Person,0.318422,0,0
book_grouped,IENT-76ebd8c57b4debda09c13abf,洪山烈士墓,Place,Person,0.309653,0,0
book_grouped,IENT-77f3d621b3041b8b4142ac91,番夷羗回 民族自由 解放萬歲!,Event,Event,0.266126,0,1
book_grouped,IENT-7a6abfe721e7df8dca2c318b,松江,Place,Place,0.507803,1,1
book_grouped,IENT-7ab839bcbe402fe7b7b12d39,丹北独立团,Organization,Organization,0.421307,0,1
book_grouped,IENT-7db6912dff4b6e1da1ba2231,《新华日报》上海出版工作,Document,Document,0.724191,1,1
book_grouped,IENT-7e747a0926d4668cc9dcbe01,南菁中学学生,Institution,Institution,0.846055,1,1
book_grouped,IENT-7f809cbd4220da3f15cce295,金坛县委党史办公室,Organization,Organization,0.30708,0,1
book_grouped,IENT-80ba4dcbfd129532e28c0c61,十三师入黔战斗详报,Event,Organization,0.609842,1,0
book_grouped,IENT-81ff2d0562096cc37388eec7,袁震,Person,Person,0.318422,0,1
book_grouped,IENT-853cee522cb012b981e567f2,红军战斗行动,Event,Event,0.74506,1,1
book_grouped,IENT-86808f0c057e8c58081360f1,中共安徽省委,Organization,Place,0.326255,0,0
book_grouped,IENT-888ea69538c9b37446c21451,文博,Person,Document,0.269799,0,0
book_grouped,IENT-8a4c6b122254817ed3d68f8f,抗日工作,Event,Concept,0.748266,1,0
book_grouped,IENT-8aae33c17a052830fd154a4e,红军豆,Organization,Event,0.238569,0,0
book_grouped,IENT-8ab2c8f3bd54f0996feac006,茂北事变标语,Event,Event,0.345016,0,1
book_grouped,IENT-8b6db4fd41f57c78d3169853,新四军四支队老八团,Organization,Organization,0.584308,1,1
book_grouped,IENT-8d56ec97a69e27d28fc4bea0,红十团,Organization,Organization,0.381084,0,1
book_grouped,IENT-902dacd468c9fbdb1d82b029,金马,Person,Person,0.389186,0,1
book_grouped,IENT-90380145edb11443db52ab3c,三汇镇,Place,Place,0.455005,0,1
book_grouped,IENT-925657a5dd8ecba741e9b03b,回民斗争招领,Event,ValueFacet,0.260934,0,0
book_grouped,IENT-9531d044e243cdaa37cfdb51,建华中学,Institution,Institution,0.962283,1,1
book_grouped,IENT-9fb13737c27b94aba715b490,北山游击队,Organization,Place,0.55114,1,0
book_grouped,IENT-a12ca39108d1716bd9d453de,金平,Place,Place,0.400816,0,1
book_grouped,IENT-a9a2e2bcc6b288d7dedcceb9,红军纸币,Organization,Event,0.310781,0,0
book_grouped,IENT-aa25dafe331eb14598897e7d,红军长征路线,Organization,Event,0.415196,0,0
book_grouped,IENT-ad1b1779022d5f89d7f4c47f,游击队武装,Organization,Concept,0.210036,0,0
book_grouped,IENT-b0e95174582132cda3b0d1bc,赣榆独立团,Organization,Organization,0.447256,0,1
book_grouped,IENT-b18e5b41575b52a147f8959c,赤色游击队,Organization,Event,0.368952,0,0
book_grouped,IENT-b25ade2e22092f453fedcbd1,支部建立,Organization,Organization,0.514246,1,1
book_grouped,IENT-b6ce907f871e3eba04e488a2,中共丹阳县委,Organization,Organization,0.595629,1,1
book_grouped,IENT-ba13fbd8336564104d98171c,昭通党支部(中心县委),Organization,Organization,0.477287,0,1
book_grouped,IENT-ba49bd996cd0cc64a39f68f8,宁广游击队,Organization,Place,0.259418,0,0
book_grouped,IENT-bb470013d81b282af9d35da2,行动队,Event,Event,0.533992,1,1
book_grouped,IENT-bed9991bc60db4db56ed0df0,彭景仁等匪部,Concept,Organization,0.561271,1,0
book_grouped,IENT-bfac567d2c934b55ca2bc33a,宜兴山区运输线,Place,Place,0.491613,0,1
book_grouped,IENT-c5baffce7b7603c2fc490c0d,大明厂工会成立事件,Event,Document,0.348576,0,0
book_grouped,IENT-c85a21454cb49437f0690163,红军马,Organization,Event,0.238569,0,0
book_grouped,IENT-c86370b378b01b21a34e3746,固地牵制,Event,Concept,0.348673,0,0
book_grouped,IENT-c9f53ae06bd88534a2bea424,红三军团整编,Organization,Organization,0.55692,1,1
book_grouped,IENT-ca920a583f82f5de9a4ba019,红军谷田,Organization,Place,0.281559,0,0
book_grouped,IENT-cab7783ff951a1d947c0b94d,县政府初期行政區劃沿革表(一),Organization,Document,0.329798,0,0
book_grouped,IENT-cb8cfda5c7dec454ec7f21b4,党组织和干部,Organization,Organization,0.46275,0,1
book_grouped,IENT-cbde9851121bc78441382fed,华建,Person,Person,0.318422,0,1
book_grouped,IENT-cd523fa9dcadc244a165a244,红十九团,Organization,Organization,0.40483,0,1
book_grouped,IENT-ce6f1cd5d7bbd82cc13c4c1e,中共麻阳县委党史办,Organization,Organization,0.590623,1,1
book_grouped,IENT-cffe147462bd2e7434d4cff0,罗平县地下党,Organization,Organization,0.324589,0,1
book_grouped,IENT-d2f256f259a49731dbe7a73f,中共苏州市委党史工作办公室,Organization,Organization,0.458033,0,1
book_grouped,IENT-d8b4e3baa764b113643e3c17,临川集团,Organization,Place,0.393779,0,0
book_grouped,IENT-de9ac798be2fbcdb2de6bb7d,抓武装力量,Event,Concept,0.221496,0,0
book_grouped,IENT-df95a88b2a669db89c063a65,乌鸦歌咏队,Organization,Event,0.305858,0,0
book_grouped,IENT-e3bc5305b83e61ea3bccf54f,临武,Place,Place,0.313188,0,1
book_grouped,IENT-e41ead230245840ecfbe617d,黄平县东坡乡,Place,Event,0.325883,0,0
book_grouped,IENT-e5a734cbd78cb375bf147427,罢工游行组织,Event,Event,0.751353,1,1
book_grouped,IENT-e7a61b352e6a1f9f89240ae6,小海镇,Place,Place,0.581431,1,1
book_grouped,IENT-ebaeaf1004d28dc1c1c45f6f,红军长征物资往来,Organization,Event,0.438054,0,0
book_grouped,IENT-ebd005c767ff80b8bb2293d7,安、紫边区党组织,Organization,Place,0.433375,0,0
book_grouped,IENT-ece16ef41951e55c248ce467,李开元,Person,Person,0.403156,0,1
book_grouped,IENT-ee55fe6289a2bc0cbd5bb33c,红军票,Organization,Event,0.238569,0,0
book_grouped,IENT-ee56f00187729eb3df38adc7,独立第九师四十三团,Organization,Organization,0.656115,1,1
book_grouped,IENT-eec7ee057aa33583eef5ad41,中共金坛县委党史资料征集研究委员会办公室,Organization,Organization,0.527116,1,1
book_grouped,IENT-ef5bf5e44bb3697990e741ba,永顺县委党史办,Organization,Organization,0.232914,0,1
book_grouped,IENT-f133db5505848eb4454bc5ab,铜北独立营,Organization,Organization,0.421307,0,1
book_grouped,IENT-f2caba8c17e182eff06daa2f,中共武汉市委党史资料征编委员会办公室,Organization,Organization,0.403856,0,1
book_grouped,IENT-f36699395763df47a868f46f,安、紫边区党组织,Organization,Place,0.433375,0,0
book_grouped,IENT-f4d0ccd1d7a26bb550e2ae7a,剿匪抗日,Event,Concept,0.606692,1,0
book_grouped,IENT-f8b400dd2e4585882742ae51,支部工作材料,Organization,Organization,0.461799,0,1
book_grouped,IENT-faa3053684282d1128bf4321,淮上联合中学,Institution,Institution,0.852574,1,1
book_grouped,IENT-fcd47dbb44ee15fbf882edb0,杨珍凤,Person,Event,0.238569,0,0
book_grouped,IENT-fce6ebbc06b256e1b392ec4e,王华冰杨帮治王帮灿,Person,Person,0.291579,0,1
book_grouped,IENT-ff17bca25d874266c4dd0e95,张伯伦,Person,Event,0.238569,0,0
book_grouped,IENT-ffcf15b7560769c36b844a49,昆明大中学生,Institution,Institution,0.730817,1,1
book_grouped,IENTREPAIR-001fbb18e386da9360ca2803,王红军,Organization,Person,0.597444,1,0
book_grouped,IENTREPAIR-0539ccf637cec5f53eb50490,红十九团,Organization,Organization,0.40483,0,1
book_grouped,IENTREPAIR-0cfa4d244e97576713a92ea9,农民,Person,Person,0.589712,1,1
book_grouped,IENTREPAIR-1e590d4a5a23d85bcc7f5e1f,夏征工作,Event,Concept,0.194713,0,0
book_grouped,IENTREPAIR-1ec1391c0dd8f6ec8a13abae,地下党员,Organization,Organization,0.374564,0,1
book_grouped,IENTREPAIR-3a373927e455106a56ceab07,五一四团,Organization,Organization,0.586606,1,1
book_grouped,IENTREPAIR-3e3deb3a00dc23b5f4055557,红二十二师,Organization,Organization,0.611528,1,1
book_grouped,IENTREPAIR-54f37e6c0614d958235453e3,武装斗争,Event,Place,0.219871,0,0
book_grouped,IENTREPAIR-6411c2f8e5ecaf08da474e4c,村落,Place,Place,0.414266,0,1
book_grouped,IENTREPAIR-660ada689837f336b94e713e,十七团,Organization,Organization,0.397543,0,1
book_grouped,IENTREPAIR-708c8b41089a82ab643c6874,参加新四军,Organization,Organization,0.510132,1,1
book_grouped,IENTREPAIR-70974c908442ebdaffb11b45,曾山,Person,Place,0.702417,1,0
book_grouped,IENTREPAIR-76454671804ca148be17eee1,暴乱,Event,Person,0.318422,0,0
book_grouped,IENTREPAIR-95f72b4a61537d66c333bcd7,漳东区委会,Organization,Event,0.414823,0,0
book_grouped,IENTREPAIR-962cde5e0ec4a9c33eef4efb,妇运,Event,Person,0.318422,0,0
book_grouped,IENTREPAIR-a242a5fbc36c7fcac16b4772,青年学生,Person,Institution,0.387427,0,0
book_grouped,IENTREPAIR-a4a202bd5082d533cc58bbee,板桥,Place,Person,0.318422,0,0
book_grouped,IENTREPAIR-a53fc5479932aa1551c03f28,部队整编,Organization,Organization,0.370417,0,1
book_grouped,IENTREPAIR-b1ce00a90f4618c2ec8104a7,中共兴仁地委,Organization,Organization,0.458293,0,1
book_grouped,IENTREPAIR-b202d2cce4bccaf5655e2b36,工厂支部,Organization,Organization,0.504441,1,1
book_grouped,IENTREPAIR-b411a09945f4ba6b00b438a6,解放军152团,Organization,Organization,0.685642,1,1
book_grouped,IENTREPAIR-b4ce643704cc349e0bcb785b,人民解放军第五兵团,Organization,Organization,0.348845,0,1
book_grouped,IENTREPAIR-bf21525ab83ceef33460a634,五一六团,Organization,Organization,0.612163,1,1
book_grouped,IENTREPAIR-d6e9878223763ae88af760fe,延安《解放日报》,Document,Document,0.462657,0,1
book_grouped,IENTREPAIR-d79fa7b3f8caf9c7599b45ce,冯石乡,Place,Person,0.341074,0,0
book_grouped,IENTREPAIR-d93a2321347dad5a7c8f7fec,太和场,Place,Place,0.334187,0,1
book_grouped,IENTREPAIR-e0a8c7d34754c24928f1ce64,武装斗争,Event,Place,0.219871,0,0
book_grouped,IENTREPAIR-e264206a4c6df2884376c3b6,独四团,Organization,Organization,0.478321,0,1
book_grouped,IENTREPAIR-e3ef11f336ac1baebabe3ded,十七团,Organization,Organization,0.397543,0,1
book_grouped,IENTREPAIR-e81ec2297bb7212e85fd5ae9,安宁,Place,Place,0.60762,1,1
book_grouped,IENTREPAIR-ea48e1c610209dc37c7efe7b,四十九师,Organization,Organization,0.537121,1,1
book_grouped,IENTREPAIR-f6cf14c714b4dae5f2c68097,解放军51师,Organization,Organization,0.509784,1,1
book_grouped,ITOPIC-04ff55bc11d21c06fb1c80e0,新民协进会,Organization,Document,0.236276,0,0
book_grouped,ITOPIC-05a0c6b2db48a61331ef3288,便衣队,Person,Event,0.238569,0,0
book_grouped,ITOPIC-0de5e424404630d09e1b4336,攸县赤卫军,Organization,Event,0.368952,0,0
book_grouped,ITOPIC-0fed4b5edcd2e287a10bd886,献身精神,ValueFacet,Person,0.27432,0,0
book_grouped,ITOPIC-10a8759961330c470bd2900f,红军医书,Organization,Event,0.310781,0,0
book_grouped,ITOPIC-112922a90c6a9d053102df99,回民斗争招领,Event,ValueFacet,0.260934,0,0
book_grouped,ITOPIC-150b29913b038c220becf430,中共益阳县委,Organization,Organization,0.595629,1,1
book_grouped,ITOPIC-1649055c07373756d8b7bcb5,手枪和零件,Document,Event,0.250343,0,0
book_grouped,ITOPIC-17e7bf0b85ff5ceccf58b2bd,新四军事件,Event,Organization,0.434373,0,0
book_grouped,ITOPIC-193af7ef5b7661b15b0fb032,七子钢手枪零件,Document,Event,0.292692,0,0
book_grouped,ITOPIC-1c08d54d9e416966e2494fa3,苗族群众,Person,Event,0.310781,0,0
book_grouped,ITOPIC-215c43194eb75200bab6eaf7,中国人民解放军第一野战军十八兵团六十二军一八六师,Organization,Organization,0.554577,1,1
book_grouped,ITOPIC-2298e2b717934142e7503228,红军游击队,Organization,Event,0.368952,0,0
book_grouped,ITOPIC-22dcf2cc0fc6d866ba2e80e0,赣县赤色游击队,Organization,Event,0.422889,0,0
book_grouped,ITOPIC-23a9349e37ef878a08a2a2fe,大明厂工会成立事件,Event,Document,0.348576,0,0
book_grouped,ITOPIC-26f87f1102001f197b07d642,红军标语真迹,Organization,Document,0.389067,0,0
book_grouped,ITOPIC-270b5ee6edd21cbe3b7359cf,江口分局,Place,Place,0.613601,1,1
book_grouped,ITOPIC-2bb0651061230eb6acb9e40c,丰都崇德乡暴动经过说明,Document,Document,0.252433,0,1
book_grouped,ITOPIC-2bd873e4779b5c554b153e90,决议案,Document,Event,0.238569,0,0
book_grouped,ITOPIC-2ec344091b1a62f764f032a8,中央政治局,Person,Organization,0.319349,0,0
book_grouped,ITOPIC-3ae9859345eaac20d6b2f9c8,工农群众,Person,Event,0.310781,0,0
book_grouped,ITOPIC-3f131f23983a4adbc4c93044,战斗报社,Event,Event,0.384144,0,1
book_grouped,ITOPIC-428fcb6d2942c8b660b941b9,解放军步兵第一四零师,Organization,Organization,0.63302,1,1
book_grouped,ITOPIC-492368de9c3685aa637b9f74,人民解放军湘中支部,Organization,ValueFacet,0.456379,0,0
book_grouped,ITOPIC-510f7d1a7508126718c98586,地下党与益青社,Organization,Organization,0.31673,0,1
book_grouped,ITOPIC-52ee0fae2b1d4df24521305d,1928年南溪农民暴动示意图,Document,Organization,0.288757,0,0
book_grouped,ITOPIC-533c2a2581659abd1d6e93b0,红军传单,Organization,Event,0.310781,0,0
book_grouped,ITOPIC-542ceab3ea9456f7d93ef7aa,县工委,Organization,Event,0.238569,0,0
book_grouped,ITOPIC-566a23ca630ee5a0b175447b,红军壁画,Organization,Event,0.310781,0,0
book_grouped,ITOPIC-5d58dd11a29466037553f2c3,红军战斗行动,Event,Event,0.74506,1,1
book_grouped,ITOPIC-636761a6238decb059623b7f,基层党组织,Organization,Event,0.368952,0,0
book_grouped,ITOPIC-6b012abc900f3c7ddb9fa3c7,中共红原县委员会党史资料征集小组办公室,Organization,Organization,0.557273,1,1
book_grouped,ITOPIC-6c78e96d1cef660e6923568d,时代评论,Document,Event,0.244277,0,0
book_grouped,ITOPIC-6d46ccd49f94426a29383001,市建设局机械厂,Place,Event,0.422889,0,0
book_grouped,ITOPIC-6dd491a1425cd9b81a70678a,骑兵团战士,Person,Person,0.453509,0,1
book_grouped,ITOPIC-6f1c0233dc6ace538a3ca687,妇女,Person,Place,0.268016,0,0
book_grouped,ITOPIC-7c4abc2c6de8c7ae92b49481,革命传统,Event,Event,0.310781,0,1
book_grouped,ITOPIC-7fcbb055b2877e79ad3487c3,宣言,Document,Document,0.508296,1,1
book_grouped,ITOPIC-811bf18ec706c848a6b41317,中国共产党铜梁地方党史,Organization,Organization,0.558819,1,1
book_grouped,ITOPIC-82ca440f82e95cf92b905706,暴动自卫队,Event,Event,0.368952,0,1
book_grouped,ITOPIC-9158207f888d2ede7c1215a6,鄂东北道委,Place,Document,0.226348,0,0
book_grouped,ITOPIC-948fd3eba2029e10af9d8d0a,工兵连,Person,Event,0.238569,0,0
book_grouped,ITOPIC-95009bc14f03dac1788c2e61,党组织,Organization,Event,0.238569,0,0
book_grouped,ITOPIC-97e1da4e3c367a43e762333d,赫章县解放初期党组织情况统计表,Organization,Document,0.316228,0,0
book_grouped,ITOPIC-980e5b310fb77f2b37e39d6a,严正等中共地下党员,Organization,Organization,0.478062,0,1
book_grouped,ITOPIC-9886b1504b3a8b5711bb7f6f,文件包,Document,Document,0.532788,1,1
book_grouped,ITOPIC-98fed93acbb4e9fdfac6b796,中国共产党十大政纲,Organization,Organization,0.537356,1,1
book_grouped,ITOPIC-9a396c327e0ebfa4aaef9326,文件箱子,Document,Document,0.313901,0,1
book_grouped,ITOPIC-9ae360c297052ca9500072d0,浪洞乡政府被袭及余庆叛军叛变,Event,Document,0.418714,0,0
book_grouped,ITOPIC-9b37b58d2ae225b53e1acfe1,城市支部,Organization,Organization,0.396547,0,1
book_grouped,ITOPIC-9bd3503667c256d5c583257a,斗争统计表,Event,Event,0.368952,0,1
book_grouped,ITOPIC-a1e30ed4e4f4cc6330ee9423,威远县地下党,Organization,Organization,0.400161,0,1
book_grouped,ITOPIC-a37a84a41ea3e3e01f90f846,赣榆独立团,Organization,Organization,0.447256,0,1
book_grouped,ITOPIC-a3fd5180565d9e1bfd588511,贵阳地区地下党读书会,Organization,Organization,0.482408,0,1
book_grouped,ITOPIC-a4633776179b2ecc4d2758c2,斗争果实,Event,Event,0.310781,0,1
book_grouped,ITOPIC-a6cff246d6c534e7d7dfed4e,投奔红军,Organization,Event,0.310781,0,0
book_grouped,ITOPIC-a760c2d060e05e4a3ef57a89,红二十二师,Organization,Organization,0.611528,1,1
book_grouped,ITOPIC-aa742c913996e89ad2558348,红军行动,Event,Event,0.678919,1,1
book_grouped,ITOPIC-ab9730932156d91276054e24,孙中山,Place,Place,0.376884,0,1
book_grouped,ITOPIC-aca14422cb6255cb2202facb,共青团六大决议案,Document,Document,0.515196,1,1
book_grouped,ITOPIC-b2427349925659237c8c765f,约法八章,Event,Organization,0.256805,0,0
book_grouped,ITOPIC-b2bcf1068f532fa171cc9a56,解放军主力,Organization,Concept,0.214267,0,0
book_grouped,ITOPIC-b8a7d05c9be83cd60938857e,红军长征经红原县路线图,Organization,Document,0.396663,0,0
book_grouped,ITOPIC-ba2781cced55536cff44868e,红四方面军第卅一军政治部,Organization,Organization,0.466435,0,1
book_grouped,ITOPIC-bff25b845dab50b6c82e1461,同仁会,Organization,Person,0.198143,0,0
book_grouped,ITOPIC-c3e3db5e91825e76a6f4287c,黔东独立团,Organization,Organization,0.447256,0,1
book_grouped,ITOPIC-c8d2f2a1c760cd0814e92fd8,区委会,Organization,Event,0.329788,0,0
book_grouped,ITOPIC-ce2051553f260f5ab0b34c74,中共华中特党部,Organization,Organization,0.725572,1,1
book_grouped,ITOPIC-d22fd65d5b7334eb4a09980c,斗争口号,Event,Place,0.375534,0,0
book_grouped,ITOPIC-d9af17a78d625a491aaedec6,工农红军过道州,Organization,Event,0.38723,0,0
book_grouped,ITOPIC-dd81ef6e1e535ff45426c811,《新华日报》书报部,Document,Document,0.756365,1,1
book_grouped,ITOPIC-e2803a524c322925276082d5,红军之路,Organization,Person,0.219035,0,0
book_grouped,ITOPIC-e36a3f055f647426f546197a,红军壁画保护行动,Event,Event,0.536331,1,1
book_grouped,ITOPIC-e7263f48d5700fa7cd7ae3ef,侦察连,Person,Event,0.238569,0,0
book_grouped,ITOPIC-e9a4b6b3be4962857712711f,农工兄弟会,Organization,Event,0.477658,0,0
book_grouped,ITOPIC-ede8b308ad5f17b78b9f6c71,红军医院,Organization,Event,0.310781,0,0
book_grouped,ITOPIC-f0b063bccba071bdf9c10d9a,红军布币,Organization,Event,0.310781,0,0
book_grouped,ITOPIC-f1ff4604e75114f041f3f675,新四军四支队老八团,Organization,Organization,0.584308,1,1
book_grouped,ITOPIC-f5459b0eff51b56fa58c6cfd,码头工人,Person,Person,0.588589,1,1
book_grouped,ITOPIC-ff8f6d7bb9a191a66cd4604b,省委,Organization,Place,0.333941,0,0
province_holdout,IENT-0566c2defecb04d2e9ed82c0,中共中央南方局,Organization,Organization,0.384911,0,1
province_holdout,IENT-0ea071db60cd55e73b3dbe01,咸宁,Place,Person,0.352549,0,0
province_holdout,IENT-0f75f3d3a5c1659d95e9afe1,旧址,Institution,Person,0.352549,0,0
province_holdout,IENT-10b14c1fbf8d99d8d0de331f,巫山,Place,Place,0.71815,1,1
province_holdout,IENT-175bef80732ac020a1369704,八百壮士,Person,Person,0.405434,0,1
province_holdout,IENT-28f88e9f43a232229f363849,法学院,Institution,Institution,0.523482,1,1
province_holdout,IENT-2b1f9504d6a5323ef182be4a,红军活动,Organization,Event,0.311971,0,0
province_holdout,IENT-2f81b924528036c85603cdd7,汉口英租界,Place,Place,0.33441,0,1
province_holdout,IENT-32e1e9b2af707e7130a26218,枝江,Place,Place,0.560546,1,1
province_holdout,IENT-4147164f0f6fe9290c301591,人民解放军,Organization,ValueFacet,0.841832,1,0
province_holdout,IENT-4388d983ce38c4ba60e45d0c,东山中学,Institution,Institution,0.933108,1,1
province_holdout,IENT-47cfde0abda48821c6823d69,毛泽东军事思想,Person,Event,0.688722,1,0
province_holdout,IENT-484a1b9eda433c974c6973b9,茅盾,Person,Person,0.352549,0,1
province_holdout,IENT-519db06da7a146932b9421b3,中共中央局,Organization,Organization,0.553405,1,1
province_holdout,IENT-573d3c0258813e7d28599783,竹山县,Place,Place,0.602483,1,1
province_holdout,IENT-5b8639df99fa06d8a2ee7344,罗孝陂特委,Organization,Event,0.366164,0,0
province_holdout,IENT-5bf078fd84b627a5c19f0f28,红军歌谣选,Organization,Event,0.378688,0,0
province_holdout,IENT-5e7839019a72051f3dd0991b,起义舰艇,Event,Event,0.311971,0,1
province_holdout,IENT-6593ac952906630e28c58a4a,红十二军第一连,Organization,Organization,0.675992,1,1
province_holdout,IENT-670b75f59c98ed8c9db55c8b,独立团,Organization,Organization,0.308336,0,1
province_holdout,IENT-7753d7dd143dc0d436cd1a77,九师,Organization,Person,0.352549,0,0
province_holdout,IENT-78368942c54d503835d86692,武大学生自治会活动,Institution,Institution,0.359121,0,1
province_holdout,IENT-7b7eb483b0990a3c1b65f84d,张冲,Person,Person,0.352549,0,1
province_holdout,IENT-81179f076908117809c5f3ab,红军战士,Organization,Person,0.526422,1,0
province_holdout,IENT-816c800f6a6c6dbfe4984a9a,汤池训练班,Event,Event,0.366164,0,1
province_holdout,IENT-8290f535092077f38b3afbd1,八七会议精神,Event,ValueFacet,0.323169,0,0
province_holdout,IENT-853cee522cb012b981e567f2,红军战斗行动,Event,Event,0.748452,1,1
province_holdout,IENT-92ff2e42e359b0420482b009,金堂,Person,Place,0.446812,0,0
province_holdout,IENT-938589270cb946b8fbdda842,南宜保中心县委,Organization,Event,0.327801,0,0
province_holdout,IENT-9531d044e243cdaa37cfdb51,建华中学,Institution,Institution,0.96983,1,1
province_holdout,IENT-991ec08090ab52f4212e3d15,解放军,Organization,Event,0.237856,0,0
province_holdout,IENT-9dbd2847ccf12e8e510d233e,中共中央书记处,Organization,Organization,0.600607,1,1
province_holdout,IENT-b20c78c5057c848bc71651f8,红四团,Organization,Organization,0.534002,1,1
province_holdout,IENT-b62f659cd1916600779c091d,江西万载,Place,Place,0.488222,0,1
province_holdout,IENT-bd3d683c043a76a974523a1a,瀛山宾馆,Place,Place,0.555777,1,1
province_holdout,IENT-c2c72a1e68b1c3b2839962da,当阳县,Place,Event,0.237856,0,0
province_holdout,IENT-c6514b0fb4924c35f144fccf,第十二军,Organization,Organization,0.661597,1,1
province_holdout,IENT-cee81f0934240b20739eaac9,赵一曼,Person,Organization,0.310979,0,0
province_holdout,IENT-d9eaa60e2f0f5e61cb7b2a8a,沅陵,Place,Person,0.352549,0,0
province_holdout,IENT-db68ff33fa283f4af1a154c3,胡梯,Person,Person,0.352549,0,1
province_holdout,IENT-df04ef40692a7f9ebd4e5e09,《抗战日报》,Document,Document,0.455259,0,1
province_holdout,IENT-e0d9d2e7d2a70377cfa93923,孙中山,Person,Place,0.438881,0,0
province_holdout,IENT-e7288d34f85feec93a620489,武汉日报,Document,Concept,0.651112,1,0
province_holdout,IENT-e82755f2968d9939c57c18ed,长阳,Place,Person,0.352549,0,0
province_holdout,IENT-edccd501dc8678d474d74d68,组织报告,Document,Event,0.311971,0,0
province_holdout,IENT-ee66528b50fba83cbaa0b06a,鄂西游击总队,Organization,Organization,0.444935,0,1
province_holdout,IENT-f2535936b25293854d7e0610,竹山,Place,Place,0.66674,1,1
province_holdout,IENT-f6c5e0666e3fa061298b02a9,特委任务讨论,Organization,Event,0.406731,0,0
province_holdout,IENT-fc9859bce4c3b7f02592d703,江岸铁路工人,Event,Person,0.396265,0,0
province_holdout,ITOPIC-581afa236679c6868842bd89,汉口,Place,Place,0.60996,1,1
province_holdout,ITOPIC-ef62f1da4d429568cd93cc82,重庆,Place,Person,0.352549,0,0
