时延档(s),五档,判定数
0.75,INSUFFICIENT,60
0.75,PARTIALLY_SUPPORTED,2
0.75,UNSUPPORTED,971
1.0,CONTRADICTED,2
1.0,FULLY_SUPPORTED,191
1.0,INSUFFICIENT,462
1.0,PARTIALLY_SUPPORTED,121
1.0,UNSUPPORTED,9507
1.25,CONTRADICTED,2
1.25,FULLY_SUPPORTED,1409
1.25,INSUFFICIENT,640
1.25,PARTIALLY_SUPPORTED,1183
1.25,UNSUPPORTED,13912
1.5,CONTRADICTED,3
1.5,FULLY_SUPPORTED,2571
1.5,INSUFFICIENT,302
1.5,PARTIALLY_SUPPORTED,3423
1.5,UNSUPPORTED,6640
1.75,CONTRADICTED,3
1.75,FULLY_SUPPORTED,2540
1.75,INSUFFICIENT,113
1.75,PARTIALLY_SUPPORTED,5326
1.75,UNSUPPORTED,2019
2.0,FULLY_SUPPORTED,1829
2.0,INSUFFICIENT,119
2.0,PARTIALLY_SUPPORTED,5238
2.0,UNSUPPORTED,931
2.25,CONTRADICTED,1
2.25,FULLY_SUPPORTED,1321
2.25,INSUFFICIENT,203
2.25,PARTIALLY_SUPPORTED,4067
2.25,UNSUPPORTED,1207
2.5,CONTRADICTED,2
2.5,FULLY_SUPPORTED,876
2.5,INSUFFICIENT,256
2.5,PARTIALLY_SUPPORTED,2555
2.5,UNSUPPORTED,1562
2.75,FULLY_SUPPORTED,787
2.75,INSUFFICIENT,247
2.75,PARTIALLY_SUPPORTED,1486
2.75,UNSUPPORTED,1688
3.0,CONTRADICTED,1
3.0,FULLY_SUPPORTED,749
3.0,INSUFFICIENT,201
3.0,PARTIALLY_SUPPORTED,895
3.0,UNSUPPORTED,1436
3.25,CONTRADICTED,1
3.25,FULLY_SUPPORTED,873
3.25,INSUFFICIENT,146
3.25,PARTIALLY_SUPPORTED,777
3.25,UNSUPPORTED,1208
3.5,CONTRADICTED,1
3.5,FULLY_SUPPORTED,932
3.5,INSUFFICIENT,87
3.5,PARTIALLY_SUPPORTED,747
3.5,UNSUPPORTED,1018
3.75,FULLY_SUPPORTED,1068
3.75,INSUFFICIENT,62
3.75,PARTIALLY_SUPPORTED,912
3.75,UNSUPPORTED,815
4.0,CONTRADICTED,1
4.0,FULLY_SUPPORTED,1004
4.0,INSUFFICIENT,44
4.0,PARTIALLY_SUPPORTED,932
4.0,UNSUPPORTED,594
4.25,CONTRADICTED,3
4.25,FULLY_SUPPORTED,1057
4.25,INSUFFICIENT,29
4.25,PARTIALLY_SUPPORTED,1028
4.25,UNSUPPORTED,477
4.5,CONTRADICTED,2
4.5,FULLY_SUPPORTED,968
4.5,INSUFFICIENT,18
4.5,PARTIALLY_SUPPORTED,1046
4.5,UNSUPPORTED,319
4.75,CONTRADICTED,2
4.75,FULLY_SUPPORTED,879
4.75,INSUFFICIENT,18
4.75,PARTIALLY_SUPPORTED,974
4.75,UNSUPPORTED,209
5.0,CONTRADICTED,2
5.0,FULLY_SUPPORTED,722
5.0,INSUFFICIENT,9
5.0,PARTIALLY_SUPPORTED,868
5.0,UNSUPPORTED,144
5.25,FULLY_SUPPORTED,603
5.25,INSUFFICIENT,3
5.25,PARTIALLY_SUPPORTED,774
5.25,UNSUPPORTED,86
5.5,CONTRADICTED,1
5.5,FULLY_SUPPORTED,438
5.5,INSUFFICIENT,2
5.5,PARTIALLY_SUPPORTED,585
5.5,UNSUPPORTED,43
5.75,FULLY_SUPPORTED,375
5.75,INSUFFICIENT,1
5.75,PARTIALLY_SUPPORTED,510
5.75,UNSUPPORTED,35
6.0,FULLY_SUPPORTED,241
6.0,INSUFFICIENT,1
6.0,PARTIALLY_SUPPORTED,406
6.0,UNSUPPORTED,9
6.25,FULLY_SUPPORTED,202
6.25,PARTIALLY_SUPPORTED,279
6.25,UNSUPPORTED,8
6.5,FULLY_SUPPORTED,149
6.5,PARTIALLY_SUPPORTED,224
6.5,UNSUPPORTED,8
6.75,FULLY_SUPPORTED,81
6.75,PARTIALLY_SUPPORTED,153
6.75,UNSUPPORTED,5
7.0,FULLY_SUPPORTED,56
7.0,PARTIALLY_SUPPORTED,99
7.25,FULLY_SUPPORTED,42
7.25,PARTIALLY_SUPPORTED,93
7.5,FULLY_SUPPORTED,42
7.5,INSUFFICIENT,3
7.5,PARTIALLY_SUPPORTED,53
7.5,UNSUPPORTED,6
7.75,FULLY_SUPPORTED,19
7.75,PARTIALLY_SUPPORTED,25
7.75,UNSUPPORTED,2
8.0,FULLY_SUPPORTED,18
8.0,INSUFFICIENT,2
8.0,PARTIALLY_SUPPORTED,21
8.0,UNSUPPORTED,2
8.25,FULLY_SUPPORTED,7
8.25,PARTIALLY_SUPPORTED,18
8.5,FULLY_SUPPORTED,6
8.5,PARTIALLY_SUPPORTED,11
8.75,FULLY_SUPPORTED,10
8.75,PARTIALLY_SUPPORTED,6
8.75,UNSUPPORTED,1
9.0,FULLY_SUPPORTED,2
9.0,PARTIALLY_SUPPORTED,6
9.25,FULLY_SUPPORTED,1
9.25,PARTIALLY_SUPPORTED,7
9.25,UNSUPPORTED,3
9.5,FULLY_SUPPORTED,1
9.5,PARTIALLY_SUPPORTED,2
9.75,FULLY_SUPPORTED,2
9.75,PARTIALLY_SUPPORTED,3
10.0,FULLY_SUPPORTED,1
10.0,PARTIALLY_SUPPORTED,1
10.25,FULLY_SUPPORTED,2
10.25,PARTIALLY_SUPPORTED,2
10.5,FULLY_SUPPORTED,3
10.5,PARTIALLY_SUPPORTED,1
10.5,UNSUPPORTED,2
10.75,FULLY_SUPPORTED,2
10.75,PARTIALLY_SUPPORTED,4
11.0,INSUFFICIENT,1
11.0,PARTIALLY_SUPPORTED,1
11.25,FULLY_SUPPORTED,1
11.25,PARTIALLY_SUPPORTED,5
11.5,FULLY_SUPPORTED,1
11.75,PARTIALLY_SUPPORTED,3
12.0,PARTIALLY_SUPPORTED,1
12.5,FULLY_SUPPORTED,1
12.5,PARTIALLY_SUPPORTED,2
12.5,UNSUPPORTED,1
12.75,UNSUPPORTED,1
13.0,FULLY_SUPPORTED,1
13.0,INSUFFICIENT,1
13.0,PARTIALLY_SUPPORTED,1
13.25,PARTIALLY_SUPPORTED,1
13.75,PARTIALLY_SUPPORTED,2
14.0,PARTIALLY_SUPPORTED,1
14.25,PARTIALLY_SUPPORTED,1
14.25,UNSUPPORTED,1
14.75,FULLY_SUPPORTED,1
14.75,PARTIALLY_SUPPORTED,3
15.25,PARTIALLY_SUPPORTED,2
15.5,PARTIALLY_SUPPORTED,1
16.25,PARTIALLY_SUPPORTED,1
17.0,UNSUPPORTED,1
17.5,PARTIALLY_SUPPORTED,1
17.75,PARTIALLY_SUPPORTED,1
18.75,UNSUPPORTED,1
19.0,UNSUPPORTED,1
19.25,UNSUPPORTED,1
19.5,UNSUPPORTED,1
19.75,FULLY_SUPPORTED,1
21.5,FULLY_SUPPORTED,1
21.5,UNSUPPORTED,3
22.25,PARTIALLY_SUPPORTED,1
22.75,PARTIALLY_SUPPORTED,1
23.0,PARTIALLY_SUPPORTED,1
23.0,UNSUPPORTED,1
23.5,UNSUPPORTED,1
24.0,UNSUPPORTED,1
25.0,PARTIALLY_SUPPORTED,1
26.5,PARTIALLY_SUPPORTED,1
26.75,PARTIALLY_SUPPORTED,1
27.0,UNSUPPORTED,1
28.75,PARTIALLY_SUPPORTED,1
29.0,FULLY_SUPPORTED,1
29.25,UNSUPPORTED,1
29.5,PARTIALLY_SUPPORTED,1
30.75,PARTIALLY_SUPPORTED,1
33.0,PARTIALLY_SUPPORTED,1
35.25,UNSUPPORTED,1
35.5,UNSUPPORTED,1
36.25,UNSUPPORTED,1
38.25,FULLY_SUPPORTED,1
39.25,UNSUPPORTED,1
39.5,PARTIALLY_SUPPORTED,1
41.25,INSUFFICIENT,1
42.0,INSUFFICIENT,1
42.0,UNSUPPORTED,1
42.25,FULLY_SUPPORTED,1
42.25,PARTIALLY_SUPPORTED,1
43.5,INSUFFICIENT,1
46.0,UNSUPPORTED,5
48.0,FULLY_SUPPORTED,1
48.25,PARTIALLY_SUPPORTED,1
51.5,PARTIALLY_SUPPORTED,1
52.0,UNSUPPORTED,1
53.0,UNSUPPORTED,2
53.75,PARTIALLY_SUPPORTED,1
54.0,INSUFFICIENT,2
54.0,UNSUPPORTED,1
54.25,UNSUPPORTED,1
54.5,UNSUPPORTED,1
55.0,FULLY_SUPPORTED,1
55.75,PARTIALLY_SUPPORTED,1
56.5,FULLY_SUPPORTED,1
56.5,PARTIALLY_SUPPORTED,1
58.75,UNSUPPORTED,1
59.0,UNSUPPORTED,1
